date,open,high,low,close,adj close,volume,20_sma,50_sma,200_sma,macd_12_26,macdsign_12_26,macddiff_12_26,stocastic_kdjd_5,stocastic_kdjk_3,rsi_rsi_14,adx_adx_15_ema,bbands_boll,bbands_boll_ub,bbands_boll_lb,atr_atr,stock_name
2016-06-08,99.02,99.56,98.68,98.94,96.701,20848100,96.499,100.905,106.225,0.141,-0.382,0.524,48.671,37.577,53.808,34.338,96.499,102.883,90.116,1.851,AAPL
2016-06-09,98.5,99.99,98.46,99.65,97.395,26601400,96.856,100.707,106.208,0.248,-0.256,0.504,47.665,50.977,56.53,34.429,96.856,103.098,90.615,1.828,AAPL
2016-06-10,98.53,99.35,98.48,98.83,96.594,31712900,97.281,100.503,106.183,0.264,-0.152,0.416,45.199,42.046,52.669,34.71,97.281,102.765,91.797,1.781,AAPL
2016-06-13,98.69,99.12,97.1,97.34,95.137,38020500,97.622,100.25,106.122,0.154,-0.091,0.245,40.004,30.799,46.46,34.02,97.622,102.09,93.154,1.798,AAPL
2016-06-14,97.32,98.48,96.75,97.46,95.255,31931900,97.801,99.977,106.044,0.076,-0.058,0.134,35.685,29.635,47.002,32.516,97.801,101.91,93.692,1.793,AAPL
2016-06-15,97.82,98.41,97.03,97.14,94.942,29445200,97.983,99.724,105.964,-0.012,-0.048,0.037,31.138,25.242,45.675,30.555,97.983,101.579,94.388,1.763,AAPL
2016-06-16,96.45,97.75,96.07,97.55,95.343,31326800,98.133,99.456,105.888,-0.047,-0.048,0.001,30.671,37.298,47.712,28.757,98.133,101.359,94.907,1.757,AAPL
2016-06-17,96.62,96.65,95.3,95.33,93.173,61008200,98.19,99.191,105.826,-0.252,-0.089,-0.163,27.142,25.187,39.15,27.555,98.19,101.154,95.225,1.793,AAPL
2016-06-20,96.0,96.57,95.03,95.1,92.948,34411900,98.184,98.92,105.739,-0.428,-0.157,-0.271,22.784,17.649,38.381,26.91,98.184,101.174,95.193,1.775,AAPL
2016-06-21,94.94,96.35,94.68,95.91,93.74,35546400,98.158,98.658,105.667,-0.496,-0.225,-0.271,21.979,32.578,42.651,26.822,98.158,101.22,95.095,1.767,AAPL
2016-06-22,96.25,96.89,95.35,95.55,93.388,29219100,98.04,98.36,105.599,-0.573,-0.294,-0.278,22.328,34.841,41.282,26.516,98.04,101.317,94.763,1.751,AAPL
2016-06-23,95.94,96.29,95.25,96.1,93.925,32240200,97.864,98.041,105.518,-0.582,-0.352,-0.23,27.142,44.645,44.227,26.154,97.864,101.162,94.566,1.7,AAPL
2016-06-24,92.91,94.66,92.65,93.4,91.287,75311400,97.514,97.667,105.434,-0.798,-0.441,-0.357,28.231,35.66,34.956,26.955,97.514,101.145,93.882,1.825,AAPL
2016-06-27,93.0,93.05,91.5,92.04,89.957,45489600,97.098,97.311,105.331,-1.067,-0.566,-0.501,26.691,27.531,31.387,28.739,97.098,101.23,92.966,1.83,AAPL
2016-06-28,92.9,93.66,92.14,93.59,91.472,40444900,96.785,97.033,105.228,-1.142,-0.681,-0.461,27.35,40.4,39.028,30.503,96.785,100.985,92.584,1.815,AAPL
2016-06-29,93.97,94.55,93.63,94.4,92.264,36531000,96.582,96.783,105.123,-1.123,-0.77,-0.353,31.33,58.628,42.624,31.449,96.582,100.833,92.33,1.754,AAPL
2016-06-30,94.44,95.77,94.3,95.6,93.437,35836400,96.476,96.553,105.02,-0.999,-0.816,-0.184,40.287,70.857,47.558,31.024,96.476,100.714,92.237,1.734,AAPL
2016-07-01,95.49,96.47,95.33,95.89,93.72,26026500,96.374,96.351,104.917,-0.868,-0.826,-0.042,49.606,73.764,48.706,29.941,96.374,100.563,92.185,1.692,AAPL
2016-07-05,95.39,95.4,94.46,94.99,92.841,27705200,96.192,96.137,104.823,-0.827,-0.826,-0.001,55.549,59.775,45.385,28.423,96.192,100.284,92.1,1.673,AAPL
2016-07-06,94.6,95.66,94.37,95.53,93.368,30949100,96.017,95.946,104.733,-0.743,-0.81,0.067,59.452,58.263,47.69,26.519,96.017,99.891,92.143,1.646,AAPL
2016-07-07,95.7,96.5,95.62,95.94,93.769,25139600,95.867,95.778,104.637,-0.635,-0.775,0.139,62.864,63.411,49.435,24.836,95.867,99.489,92.245,1.597,AAPL
2016-07-08,96.49,96.89,96.05,96.68,94.492,28912100,95.719,95.755,104.553,-0.485,-0.717,0.232,67.58,72.83,52.513,23.571,95.719,98.905,92.532,1.551,AAPL
2016-07-11,96.75,97.65,96.73,96.98,94.786,23794900,95.626,95.798,104.467,-0.338,-0.641,0.303,71.009,70.885,53.742,23.009,95.626,98.526,92.726,1.51,AAPL
2016-07-12,97.17,97.7,97.12,97.42,95.216,24167500,95.63,95.872,104.379,-0.183,-0.549,0.366,74.82,74.933,55.56,22.932,95.63,98.541,92.719,1.453,AAPL
2016-07-13,97.41,97.67,96.84,96.87,94.678,25892200,95.601,95.936,104.289,-0.104,-0.46,0.356,74.878,54.767,52.769,22.871,95.601,98.444,92.757,1.409,AAPL
2016-07-14,97.39,98.99,97.32,98.79,96.555,38919000,95.683,96.009,104.221,0.112,-0.346,0.458,76.939,66.744,60.271,23.521,95.683,98.798,92.568,1.459,AAPL
2016-07-15,98.92,99.3,98.5,98.78,96.545,30137000,95.745,96.1,104.17,0.28,-0.221,0.5,78.169,70.783,60.217,24.725,95.745,99.057,92.432,1.412,AAPL
2016-07-18,98.7,100.13,98.6,99.83,97.571,36493900,95.97,96.232,104.117,0.492,-0.078,0.57,80.128,76.963,63.856,26.552,95.97,99.742,92.197,1.421,AAPL
2016-07-19,99.56,100.0,99.34,99.87,97.61,23779900,96.208,96.375,104.069,0.655,0.068,0.587,82.329,79.325,63.991,28.704,96.208,100.336,92.08,1.366,AAPL
2016-07-20,100.0,100.46,99.74,99.96,97.698,26276000,96.411,96.519,104.017,0.783,0.211,0.572,83.501,77.256,64.314,31.157,96.411,100.862,91.959,1.32,AAPL
2016-07-21,99.83,101.0,99.13,99.43,97.18,32702000,96.605,96.639,103.96,0.832,0.335,0.496,78.878,56.852,60.85,32.897,96.605,101.232,91.977,1.36,AAPL
2016-07-22,99.26,99.3,98.31,98.66,96.427,28313700,96.733,96.762,103.897,0.799,0.428,0.371,69.504,42.238,56.121,33.242,96.733,101.442,92.023,1.342,AAPL
2016-07-25,98.25,98.84,96.92,97.34,95.137,40382900,96.93,96.902,103.83,0.659,0.474,0.185,58.759,31.59,49.08,32.886,96.93,101.375,92.484,1.384,AAPL
2016-07-26,96.82,97.97,96.42,96.67,94.483,56239800,97.161,97.025,103.765,0.489,0.477,0.011,48.062,23.954,45.929,32.394,97.161,100.971,93.351,1.396,AAPL
2016-07-27,104.27,104.35,102.75,102.95,100.62,92344800,97.629,97.206,103.72,0.85,0.552,0.299,47.116,43.418,67.188,32.668,97.629,101.867,93.391,1.844,AAPL
2016-07-28,102.83,104.45,102.82,104.34,101.979,39869800,98.126,97.423,103.683,1.235,0.689,0.547,52.42,61.822,69.999,33.431,98.126,103.046,93.206,1.829,AAPL
2016-07-29,104.19,104.55,103.68,104.21,101.852,27733700,98.556,97.616,103.645,1.512,0.853,0.659,59.599,68.252,69.4,34.494,98.556,104.023,93.09,1.761,AAPL
2016-08-01,104.41,106.15,104.41,106.05,103.65,38167900,99.065,97.853,103.625,1.858,1.054,0.804,67.165,77.833,72.931,36.032,99.065,105.319,92.81,1.773,AAPL
2016-08-02,106.05,106.07,104.0,104.48,102.116,33816600,99.539,98.038,103.588,1.983,1.24,0.743,68.718,62.685,65.94,37.523,99.539,105.93,93.148,1.795,AAPL
2016-08-03,104.81,105.84,104.77,105.79,103.396,30202600,100.052,98.226,103.561,2.163,1.425,0.739,71.683,69.542,68.641,38.931,100.052,106.729,93.375,1.764,AAPL
2016-08-04,105.58,106.0,105.28,105.87,104.035,27408700,100.549,98.385,103.532,2.286,1.597,0.689,74.887,76.474,68.804,40.282,100.549,107.412,93.685,1.689,AAPL
2016-08-05,106.27,107.65,106.18,107.48,105.617,40553400,101.089,98.542,103.501,2.484,1.774,0.71,78.584,82.349,71.957,41.951,101.089,108.358,93.819,1.696,AAPL
2016-08-08,107.52,108.37,107.16,108.37,106.492,28037200,101.658,98.701,103.474,2.683,1.956,0.727,82.607,88.232,73.549,43.898,101.658,109.345,93.971,1.661,AAPL
2016-08-09,108.23,108.94,108.01,108.81,106.924,26315200,102.228,98.871,103.44,2.842,2.133,0.709,85.981,90.585,74.325,46.053,102.228,110.272,94.183,1.609,AAPL
2016-08-10,108.71,108.9,107.76,108.0,106.128,24008500,102.784,99.033,103.385,2.871,2.281,0.59,86.185,76.12,70.24,48.0,102.784,110.808,94.76,1.575,AAPL
2016-08-11,108.52,108.93,107.85,107.93,106.059,27484500,103.241,99.223,103.348,2.854,2.396,0.459,83.744,55.549,69.883,49.756,103.241,111.348,95.134,1.54,AAPL
2016-08-12,107.78,108.44,107.78,108.18,106.305,18660400,103.711,99.432,103.316,2.829,2.482,0.347,79.722,48.998,70.461,51.24,103.711,111.819,95.603,1.477,AAPL
2016-08-15,108.14,109.54,108.08,109.48,107.582,25868200,104.194,99.663,103.267,2.881,2.562,0.319,79.812,64.863,73.328,52.81,104.194,112.475,95.912,1.476,AAPL
2016-08-16,109.63,110.23,109.21,109.38,107.484,33794400,104.669,99.878,103.212,2.88,2.626,0.255,78.272,65.01,72.743,54.529,104.669,112.998,96.34,1.443,AAPL
2016-08-17,109.1,109.37,108.34,109.22,107.327,25356000,105.132,100.082,103.16,2.835,2.667,0.167,75.421,61.015,71.757,55.247,105.132,113.388,96.876,1.414,AAPL
2016-08-18,109.23,109.6,109.02,109.08,107.189,21984700,105.615,100.285,103.1,2.755,2.685,0.07,71.67,53.728,70.852,55.41,105.615,113.59,97.639,1.355,AAPL
2016-08-19,108.77,109.69,108.36,109.36,107.464,25368100,106.15,100.479,103.034,2.684,2.685,-0.001,68.654,61.004,71.623,54.493,106.15,113.578,98.721,1.353,AAPL
2016-08-22,108.86,109.1,107.85,108.51,106.629,25820200,106.708,100.673,102.966,2.53,2.654,-0.124,62.767,52.626,65.922,52.438,106.708,112.929,100.487,1.364,AAPL
2016-08-23,108.59,109.32,108.53,108.85,106.963,21257700,107.317,100.903,102.906,2.407,2.604,-0.197,59.215,53.2,67.052,49.906,107.317,111.427,103.207,1.325,AAPL
2016-08-24,108.57,108.75,107.68,108.03,106.157,23675100,107.571,101.114,102.841,2.218,2.527,-0.309,52.991,42.58,61.736,46.702,107.571,111.136,104.006,1.314,AAPL
2016-08-25,107.39,107.88,106.68,107.57,105.705,25086200,107.733,101.323,102.776,2.008,2.423,-0.415,47.623,39.624,58.915,43.886,107.733,110.958,104.507,1.316,AAPL
2016-08-26,107.41,107.95,106.31,106.94,105.086,27766300,107.869,101.511,102.727,1.771,2.293,-0.522,42.271,35.023,55.194,41.628,107.869,110.67,105.068,1.339,AAPL
2016-08-29,106.62,107.44,106.29,106.82,104.968,24970300,107.908,101.74,102.68,1.555,2.145,-0.59,37.139,33.991,54.488,39.813,107.908,110.623,105.192,1.326,AAPL
2016-08-30,105.8,106.5,105.5,106.0,104.163,24863900,107.984,101.958,102.632,1.303,1.977,-0.674,32.441,29.463,49.801,38.797,107.984,110.359,105.608,1.325,AAPL
2016-08-31,105.66,106.57,105.64,106.1,104.261,29662400,107.999,102.162,102.6,1.098,1.801,-0.703,29.47,29.952,50.362,38.222,107.999,110.317,105.681,1.297,AAPL
2016-09-01,106.14,106.8,105.62,106.73,104.88,26701500,108.042,102.386,102.563,0.975,1.636,-0.66,30.453,51.506,53.859,37.616,108.042,110.222,105.862,1.289,AAPL
2016-09-02,107.7,108.0,106.82,107.73,105.863,26802500,108.055,102.618,102.533,0.948,1.498,-0.55,37.417,63.889,58.818,36.1,108.055,110.224,105.885,1.287,AAPL
2016-09-06,107.9,108.3,107.51,107.7,105.833,26880400,108.021,102.904,102.485,0.914,1.381,-0.468,45.085,68.463,58.615,34.324,108.021,110.19,105.852,1.252,AAPL
2016-09-07,107.83,108.76,107.07,108.36,106.482,42364300,107.999,103.231,102.433,0.929,1.291,-0.362,53.179,72.103,61.751,32.815,107.999,110.143,105.854,1.283,AAPL
2016-09-08,107.25,107.27,105.24,105.52,103.691,53002000,107.875,103.469,102.364,0.703,1.173,-0.47,51.752,50.72,45.703,31.415,107.875,110.288,105.461,1.414,AAPL
2016-09-09,104.64,105.72,103.13,103.13,101.342,46557000,107.635,103.644,102.291,0.328,1.004,-0.676,45.367,33.813,36.991,31.043,107.635,110.847,104.422,1.498,AAPL
2016-09-12,102.65,105.72,102.53,105.44,103.612,45292800,107.498,103.841,102.224,0.215,0.846,-0.632,42.679,43.006,47.423,31.509,107.498,110.843,104.152,1.619,AAPL
2016-09-13,107.51,108.79,107.24,107.95,106.079,62176200,107.421,104.082,102.174,0.324,0.742,-0.418,46.362,57.531,55.956,30.794,107.421,110.644,104.198,1.743,AAPL
2016-09-14,108.73,113.03,108.6,111.77,109.833,110888700,107.54,104.418,102.143,0.71,0.736,-0.025,52.625,67.688,65.21,30.62,107.54,111.215,103.866,1.981,AAPL
2016-09-15,113.86,115.73,113.49,115.57,113.567,89983600,107.858,104.818,102.13,1.308,0.85,0.458,60.538,77.83,71.602,31.254,107.858,112.962,102.754,2.123,AAPL
2016-09-16,115.12,116.13,114.04,114.92,112.928,79886900,108.15,105.198,102.118,1.709,1.022,0.688,67.451,79.864,69.258,32.431,108.15,114.14,102.16,2.12,AAPL
2016-09-19,115.19,116.18,113.25,113.58,111.611,47023000,108.361,105.536,102.104,1.898,1.197,0.701,70.909,56.997,64.565,33.504,108.361,114.81,101.912,2.178,AAPL
2016-09-20,113.05,114.12,112.51,113.57,111.601,34514300,108.614,105.868,102.096,2.023,1.362,0.661,71.852,47.625,64.53,34.1,108.614,115.472,101.756,2.137,AAPL
2016-09-21,113.85,113.99,112.44,113.55,111.582,36003200,108.849,106.19,102.069,2.096,1.509,0.587,67.585,41.643,64.455,34.341,108.849,116.054,101.644,2.096,AAPL
2016-09-22,114.35,114.94,114.0,114.62,112.633,31074000,109.179,106.545,102.05,2.215,1.65,0.565,64.656,56.829,66.701,34.625,109.179,116.816,101.541,2.045,AAPL
2016-09-23,114.42,114.79,111.55,112.71,110.756,52481200,109.435,106.824,102.023,2.131,1.746,0.384,58.954,49.292,59.476,33.704,109.435,117.19,101.681,2.13,AAPL
2016-09-26,111.64,113.39,111.55,112.88,110.923,29869400,109.732,107.106,102.009,2.054,1.808,0.246,54.228,45.939,59.892,32.063,109.732,117.539,101.926,2.11,AAPL
2016-09-27,113.0,113.18,112.34,113.09,111.13,24607400,110.046,107.371,101.994,1.987,1.844,0.143,51.15,46.47,60.433,30.029,110.046,117.864,102.228,2.019,AAPL
2016-09-28,113.69,114.64,113.43,113.95,111.975,29641100,110.443,107.653,101.997,1.98,1.871,0.109,51.965,56.87,62.654,28.459,110.443,118.203,102.684,1.986,AAPL
2016-09-29,113.16,113.8,111.8,112.18,110.236,35887000,110.747,107.897,101.996,1.812,1.859,-0.047,48.714,42.373,55.721,26.524,110.747,118.263,103.232,1.997,AAPL
2016-09-30,112.46,113.37,111.8,113.05,111.09,36379100,111.063,108.169,102.009,1.728,1.833,-0.105,47.25,42.92,58.171,24.431,111.063,118.398,103.729,1.967,AAPL
2016-10-03,112.71,113.05,112.28,112.52,110.57,21701800,111.303,108.447,102.015,1.601,1.786,-0.186,44.166,40.613,56.133,22.313,111.303,118.49,104.116,1.881,AAPL
2016-10-04,113.06,114.31,112.63,113.0,111.041,29736800,111.568,108.76,102.035,1.521,1.733,-0.212,42.583,43.012,57.583,20.806,111.568,118.584,104.552,1.875,AAPL
2016-10-05,113.4,113.66,112.69,113.05,111.09,21453100,111.802,109.087,102.07,1.445,1.676,-0.231,42.682,41.318,57.739,19.733,111.802,118.68,104.925,1.81,AAPL
2016-10-06,113.7,114.34,113.13,113.89,111.916,28779300,112.221,109.306,102.103,1.436,1.628,-0.192,47.125,52.107,60.386,19.32,112.221,118.479,105.963,1.773,AAPL
2016-10-07,114.31,114.56,113.51,114.06,112.083,24358400,112.767,109.501,102.137,1.426,1.588,-0.161,52.539,59.159,60.919,19.444,112.767,117.374,108.161,1.721,AAPL
2016-10-10,115.02,116.75,114.72,116.05,114.038,36236000,113.298,109.737,102.174,1.561,1.582,-0.021,58.33,66.327,66.59,20.714,113.298,116.615,109.981,1.791,AAPL
2016-10-11,117.7,118.69,116.2,116.3,114.284,64041000,113.715,109.942,102.215,1.669,1.6,0.069,61.109,62.172,67.233,23.077,113.715,116.194,111.237,1.851,AAPL
2016-10-12,117.35,117.98,116.75,117.34,115.306,37586800,113.994,110.2,102.268,1.818,1.643,0.174,63.967,63.446,69.835,26.038,113.994,116.784,111.204,1.839,AAPL
2016-10-13,116.79,117.44,115.72,116.98,114.952,35192400,114.065,110.423,102.309,1.884,1.691,0.193,65.573,56.439,67.828,28.384,114.065,117.084,111.045,1.83,AAPL
2016-10-14,117.88,118.17,117.13,117.63,115.591,35652200,114.2,110.659,102.361,1.967,1.747,0.221,67.145,63.612,69.531,30.496,114.2,117.601,110.799,1.785,AAPL
2016-10-17,117.33,117.84,116.78,117.55,115.512,23624900,114.399,110.86,102.422,2.003,1.798,0.205,67.23,67.306,69.046,32.089,114.399,118.097,110.7,1.733,AAPL
2016-10-18,118.18,118.21,117.45,117.47,115.434,24553500,114.594,111.042,102.483,2.002,1.839,0.163,67.606,60.955,68.532,33.444,114.594,118.513,110.674,1.663,AAPL
2016-10-19,117.25,117.76,113.8,117.12,115.09,20034600,114.772,111.208,102.555,1.951,1.861,0.09,68.627,65.731,66.209,33.751,114.772,118.814,110.73,1.828,AAPL
2016-10-20,116.86,117.38,116.33,117.06,115.031,24125800,114.894,111.389,102.637,1.883,1.866,0.018,69.669,68.462,65.797,33.393,114.894,119.062,110.726,1.772,AAPL
2016-10-21,116.81,116.91,116.28,116.6,114.579,23192700,115.088,111.563,102.737,1.772,1.847,-0.075,69.445,69.21,62.582,32.654,115.088,119.19,110.987,1.701,AAPL
2016-10-24,117.1,117.74,117.0,117.65,115.611,23538700,115.327,111.752,102.841,1.749,1.827,-0.078,71.33,77.419,66.594,31.157,115.327,119.443,111.211,1.661,AAPL
2016-10-25,117.95,118.36,117.31,118.25,116.2,48129000,115.585,111.928,102.939,1.759,1.814,-0.055,75.085,83.183,68.662,29.347,115.585,119.757,111.413,1.617,AAPL
2016-10-26,114.31,115.7,113.31,115.59,113.586,66134200,115.667,112.052,103.018,1.534,1.758,-0.224,73.428,70.505,53.0,28.553,115.667,119.767,111.567,1.855,AAPL
2016-10-27,115.39,115.86,114.1,114.48,112.496,34562000,115.782,112.157,103.103,1.252,1.656,-0.405,67.107,54.726,48.073,28.327,115.782,119.589,111.975,1.848,AAPL
2016-10-28,113.87,115.21,113.45,113.72,111.749,37861700,115.816,112.25,103.174,0.956,1.516,-0.56,57.743,41.844,44.988,28.652,115.816,119.532,112.099,1.842,AAPL
2016-10-31,113.65,114.23,113.2,113.54,111.572,26419400,115.867,112.333,103.256,0.699,1.353,-0.654,47.898,32.156,44.264,29.386,115.867,119.417,112.316,1.784,AAPL
2016-11-01,113.46,113.77,110.53,111.49,109.557,43825800,115.791,112.393,103.33,0.326,1.148,-0.822,40.202,28.275,36.965,30.962,115.791,119.649,111.933,1.888,AAPL
2016-11-02,111.4,112.35,111.23,111.59,109.656,28331700,115.718,112.448,103.404,0.038,0.926,-0.888,34.524,28.4,37.506,33.008,115.718,119.841,111.595,1.833,AAPL
2016-11-03,110.98,111.46,109.55,109.83,108.48,26932600,115.515,112.484,103.472,-0.328,0.675,-1.003,28.714,21.145,32.255,35.561,115.515,120.354,110.676,1.848,AAPL
2016-11-04,108.53,110.25,108.11,108.84,107.503,30837000,115.254,112.509,103.509,-0.691,0.402,-1.092,24.267,19.835,29.734,38.526,115.254,120.917,109.591,1.869,AAPL
2016-11-07,110.08,110.51,109.46,110.41,109.053,32560000,114.972,112.579,103.564,-0.841,0.153,-0.994,24.109,36.109,38.01,41.434,114.972,121.017,108.927,1.854,AAPL
2016-11-08,110.31,111.72,109.7,111.06,109.695,24054500,114.71,112.663,103.619,-0.898,-0.057,-0.841,29.091,51.312,41.103,43.283,114.71,120.963,108.457,1.866,AAPL
2016-11-09,109.88,111.32,108.05,110.88,109.517,59176400,114.387,112.761,103.706,-0.947,-0.235,-0.712,36.641,59.912,40.501,44.804,114.387,120.735,108.039,1.966,AAPL
2016-11-10,111.09,111.09,105.83,107.79,106.465,57134500,113.927,112.795,103.775,-1.22,-0.432,-0.788,39.622,51.033,31.864,46.45,113.927,120.794,107.061,2.202,AAPL
2016-11-11,107.12,108.87,106.55,108.43,107.098,34094100,113.467,112.829,103.83,-1.37,-0.62,-0.75,41.45,49.809,34.957,48.116,113.467,120.52,106.415,2.21,AAPL
2016-11-14,107.71,107.81,104.08,105.71,104.411,51175500,112.875,112.788,103.877,-1.688,-0.833,-0.855,40.027,40.957,28.943,50.061,112.875,120.453,105.298,2.363,AAPL
2016-11-15,106.57,107.68,106.16,107.11,105.794,32264500,112.357,112.777,103.94,-1.807,-1.028,-0.779,39.597,48.39,35.13,52.11,112.357,120.028,104.687,2.335,AAPL
2016-11-16,106.7,110.23,106.6,109.99,108.638,58840500,112.001,112.809,104.008,-1.649,-1.152,-0.497,44.374,64.292,45.619,52.542,112.001,119.398,104.604,2.427,AAPL
2016-11-17,109.81,110.35,108.83,109.95,108.599,27632000,111.645,112.898,104.075,-1.511,-1.224,-0.287,51.969,73.013,45.509,51.884,111.645,118.694,104.597,2.363,AAPL
2016-11-18,109.72,110.54,109.66,110.06,108.708,28428900,111.318,113.036,104.155,-1.376,-1.254,-0.121,59.856,77.948,45.896,50.456,111.318,117.996,104.641,2.257,AAPL
2016-11-21,110.12,111.99,110.01,111.73,110.357,29264600,111.022,113.162,104.239,-1.121,-1.228,0.107,67.326,82.556,51.52,47.808,111.022,117.007,105.038,2.237,AAPL
2016-11-22,111.95,112.42,111.4,111.8,110.426,25965500,110.7,113.239,104.323,-0.903,-1.163,0.259,73.093,80.883,51.746,44.608,110.7,115.651,105.749,2.15,AAPL
2016-11-23,111.36,111.51,110.33,111.23,109.863,27426400,110.482,113.228,104.408,-0.768,-1.084,0.316,74.962,70.796,49.71,41.384,110.482,114.879,106.085,2.101,AAPL
2016-11-25,111.13,111.87,110.95,111.79,110.416,11475900,110.347,113.153,104.498,-0.608,-0.989,0.38,76.039,70.483,51.72,38.053,110.347,114.379,106.316,2.017,AAPL
2016-11-28,111.43,112.47,111.39,111.57,110.199,27194000,110.24,113.086,104.586,-0.494,-0.89,0.396,75.115,66.303,50.86,34.792,110.24,113.998,106.482,1.95,AAPL
2016-11-29,110.78,112.03,110.07,111.46,110.09,28528800,110.136,113.043,104.66,-0.407,-0.793,0.386,72.793,63.508,50.409,32.038,110.136,113.615,106.657,1.951,AAPL
2016-11-30,111.6,112.2,110.27,110.52,109.162,36162300,110.087,112.982,104.722,-0.41,-0.717,0.307,65.757,48.588,46.603,29.589,110.087,113.513,106.662,1.949,AAPL
2016-12-01,110.37,110.94,109.03,109.49,108.145,37086900,109.982,112.901,104.788,-0.49,-0.671,0.182,56.809,37.229,42.791,28.006,109.982,113.342,106.623,1.947,AAPL
2016-12-02,109.17,110.09,108.85,109.9,108.55,26528000,109.986,112.807,104.858,-0.514,-0.64,0.126,49.743,35.267,44.729,27.099,109.986,113.345,106.627,1.896,AAPL
2016-12-05,110.0,110.03,108.25,109.11,107.769,34324500,110.0,112.735,104.919,-0.59,-0.63,0.04,43.494,34.168,41.792,26.906,110.0,113.342,106.657,1.888,AAPL
2016-12-06,109.5,110.36,109.19,109.95,108.599,26195500,109.976,112.676,104.995,-0.575,-0.619,0.043,40.667,49.635,45.863,26.861,109.976,113.313,106.64,1.842,AAPL
2016-12-07,109.26,111.19,109.16,111.03,109.666,29998700,109.975,112.635,105.07,-0.472,-0.589,0.118,45.398,64.609,50.643,26.207,109.975,113.31,106.64,1.856,AAPL
2016-12-08,110.86,112.43,110.6,112.12,110.742,27068300,110.037,112.598,105.146,-0.298,-0.531,0.233,52.743,73.246,54.965,25.342,110.037,113.487,106.587,1.854,AAPL
2016-12-09,112.31,114.7,112.31,113.95,112.55,34402600,110.345,112.634,105.232,-0.012,-0.427,0.415,59.967,77.651,61.121,25.322,110.345,114.041,106.649,1.906,AAPL
2016-12-12,113.29,115.0,112.49,113.3,111.908,26374400,110.588,112.639,105.315,0.159,-0.31,0.469,64.391,72.222,58.084,25.926,110.588,114.393,106.784,1.949,AAPL
2016-12-13,113.84,115.92,113.75,115.19,113.774,43733800,111.063,112.692,105.388,0.443,-0.159,0.603,69.114,74.741,63.727,27.178,111.063,114.665,107.46,1.997,AAPL
2016-12-14,115.04,116.2,114.98,115.19,113.774,34031800,111.467,112.736,105.46,0.66,0.005,0.656,72.641,74.086,63.727,28.87,111.467,115.015,107.918,1.941,AAPL
2016-12-15,115.38,116.73,115.23,115.82,114.397,46524500,111.758,112.791,105.532,0.873,0.178,0.695,74.961,72.545,65.522,30.93,111.758,115.728,107.788,1.913,AAPL
2016-12-16,116.47,116.5,115.65,115.97,114.545,44351100,112.059,112.833,105.597,1.042,0.351,0.691,76.782,67.22,65.954,33.147,112.059,116.352,107.766,1.837,AAPL
2016-12-19,115.8,117.38,115.75,116.64,115.207,27779400,112.388,112.885,105.67,1.216,0.524,0.692,77.907,66.674,67.889,35.64,112.388,117.03,107.746,1.822,AAPL
2016-12-20,116.74,117.5,116.68,116.95,115.513,21425000,112.649,112.903,105.75,1.363,0.692,0.671,78.436,67.873,68.773,38.248,112.649,117.704,107.594,1.753,AAPL
2016-12-21,116.8,117.4,116.78,117.06,115.622,23783200,112.912,112.918,105.83,1.471,0.848,0.624,78.914,70.201,69.098,40.835,112.912,118.316,107.508,1.672,AAPL
2016-12-22,116.35,116.51,115.64,116.29,114.861,26085900,113.165,112.897,105.905,1.478,0.974,0.504,74.241,58.449,64.069,41.876,113.165,118.71,107.62,1.654,AAPL
2016-12-23,115.59,116.52,115.59,116.52,115.088,14181200,113.401,112.888,105.977,1.485,1.076,0.409,69.325,56.093,64.891,41.858,113.401,119.1,107.703,1.603,AAPL
2016-12-27,116.52,117.8,116.49,117.26,115.819,18296900,113.686,112.88,106.05,1.532,1.167,0.365,67.834,62.584,67.469,41.908,113.686,119.565,107.807,1.582,AAPL
2016-12-28,117.52,118.02,116.2,116.76,115.325,20905900,113.951,112.864,106.111,1.512,1.236,0.276,64.983,57.772,64.046,41.665,113.951,119.885,108.017,1.599,AAPL
2016-12-29,116.45,117.11,116.4,116.73,115.296,15039500,114.262,112.85,106.165,1.477,1.284,0.192,61.709,48.222,63.837,41.249,114.262,120.089,108.434,1.535,AAPL
2016-12-30,116.65,117.2,115.43,115.82,114.397,30586300,114.578,112.824,106.215,1.36,1.299,0.06,55.07,37.167,57.68,39.664,114.578,119.987,109.169,1.552,AAPL
2017-01-03,115.8,116.33,114.76,116.15,114.723,28781900,114.891,112.805,106.266,1.279,1.295,-0.017,50.738,43.767,59.216,37.672,114.891,119.866,109.915,1.553,AAPL
2017-01-04,115.85,116.51,115.75,116.02,114.594,21118100,115.236,112.794,106.317,1.19,1.274,-0.084,47.47,46.391,58.318,35.317,115.236,119.418,111.054,1.497,AAPL
2017-01-05,115.92,116.86,115.81,116.61,115.177,22193600,115.569,112.773,106.366,1.155,1.25,-0.096,49.167,60.293,61.195,32.696,115.569,118.965,112.173,1.465,AAPL
2017-01-06,116.78,118.16,116.47,117.91,116.461,31751900,115.913,112.766,106.425,1.217,1.244,-0.027,54.753,70.071,66.655,30.977,115.913,118.715,113.111,1.481,AAPL
2017-01-09,117.95,119.43,117.94,118.99,117.528,33561900,116.257,112.834,106.492,1.338,1.263,0.076,61.216,75.995,70.383,30.481,116.257,118.771,113.742,1.484,AAPL
2017-01-10,118.77,119.38,118.3,119.11,117.646,24462100,116.515,112.927,106.561,1.428,1.296,0.132,67.431,80.393,70.774,30.767,116.515,119.09,113.939,1.455,AAPL
2017-01-11,118.74,119.93,118.6,119.75,118.278,27588600,116.837,113.047,106.622,1.532,1.343,0.189,73.327,83.914,72.834,31.762,116.837,119.332,114.342,1.446,AAPL
2017-01-12,118.9,119.3,118.21,119.25,117.785,27086200,117.04,113.162,106.67,1.557,1.386,0.171,76.728,76.098,68.757,32.667,117.04,119.63,114.45,1.453,AAPL
2017-01-13,119.11,119.62,118.81,119.04,117.577,26111900,117.233,113.313,106.72,1.542,1.417,0.125,75.855,66.817,67.059,33.653,117.233,119.816,114.649,1.407,AAPL
2017-01-17,118.34,120.24,118.22,120.0,118.525,34439800,117.442,113.481,106.77,1.589,1.452,0.138,76.837,73.937,70.63,34.953,117.442,120.213,114.67,1.45,AAPL
2017-01-18,120.0,120.5,119.71,119.99,118.516,23713000,117.643,113.684,106.815,1.607,1.483,0.125,77.372,75.169,70.544,36.518,117.643,120.545,114.74,1.403,AAPL
2017-01-19,119.4,120.09,119.37,119.78,118.308,25597300,117.8,113.903,106.865,1.586,1.503,0.083,76.631,72.919,68.658,37.674,117.8,120.811,114.788,1.355,AAPL
2017-01-20,120.45,120.45,119.73,120.0,118.525,32597900,117.952,114.095,106.91,1.569,1.517,0.053,76.461,67.197,69.576,38.747,117.952,121.089,114.815,1.309,AAPL
2017-01-23,120.0,120.81,119.77,120.08,118.604,22050200,118.103,114.275,106.968,1.545,1.522,0.022,75.87,61.233,69.92,39.927,118.103,121.348,114.858,1.29,AAPL
2017-01-24,119.55,120.1,119.5,119.97,118.496,23211000,118.287,114.457,107.024,1.499,1.518,-0.019,71.806,52.781,68.766,40.675,118.287,121.516,115.058,1.241,AAPL
2017-01-25,120.42,122.1,120.28,121.88,120.382,32377600,118.555,114.739,107.088,1.598,1.534,0.065,72.238,65.7,76.133,42.016,118.555,122.046,115.064,1.304,AAPL
2017-01-26,121.67,122.44,121.6,121.94,120.442,26337600,118.789,115.009,107.146,1.663,1.56,0.103,73.624,71.465,76.322,43.772,118.789,122.533,115.045,1.271,AAPL
2017-01-27,122.14,122.35,121.6,121.95,120.451,20562900,119.049,115.334,107.195,1.695,1.587,0.108,75.32,73.415,76.356,45.726,119.049,122.917,115.18,1.234,AAPL
2017-01-30,120.93,121.63,120.66,121.63,120.135,30377500,119.293,115.624,107.243,1.676,1.604,0.071,75.754,67.108,72.796,46.432,119.293,123.165,115.422,1.238,AAPL
2017-01-31,121.15,121.39,120.62,121.35,119.859,49201000,119.57,115.851,107.301,1.619,1.607,0.012,73.034,58.804,69.733,46.281,119.57,123.178,115.962,1.222,AAPL
2017-02-01,127.03,130.49,127.01,128.75,127.168,111985000,120.2,116.227,107.407,2.146,1.715,0.431,72.863,66.66,86.228,47.442,120.2,125.36,115.04,1.787,AAPL
2017-02-02,127.98,129.39,127.78,128.53,126.951,33710400,120.825,116.597,107.515,2.518,1.876,0.642,73.595,71.154,84.749,49.381,120.825,126.818,114.833,1.775,AAPL
2017-02-03,128.31,129.19,128.16,129.08,127.494,24507300,121.449,116.944,107.625,2.824,2.065,0.758,75.267,67.263,85.422,51.737,121.449,128.148,114.75,1.721,AAPL
2017-02-06,129.13,130.5,128.9,130.29,128.689,26845900,122.068,117.313,107.746,3.128,2.278,0.85,78.522,75.602,86.802,54.362,122.068,129.623,114.513,1.713,AAPL
2017-02-07,130.54,132.09,130.45,131.53,129.914,38183800,122.695,117.719,107.876,3.429,2.508,0.921,81.131,78.985,88.05,57.156,122.695,131.196,114.193,1.719,AAPL
2017-02-08,131.35,132.22,131.22,132.04,130.417,23004100,123.341,118.124,108.01,3.667,2.74,0.927,83.936,84.183,88.531,59.961,123.341,132.626,114.057,1.668,AAPL
2017-02-09,131.65,132.45,131.12,132.42,131.36,28349900,123.975,118.541,108.151,3.842,2.96,0.882,86.89,88.955,88.889,62.689,123.975,133.932,114.018,1.643,AAPL
2017-02-10,132.46,132.94,132.05,132.12,131.062,20065500,124.618,118.955,108.322,3.911,3.15,0.761,87.404,77.618,86.588,65.301,124.618,134.946,114.291,1.59,AAPL
2017-02-13,133.08,133.82,132.75,133.29,132.223,23035400,125.331,119.41,108.515,4.014,3.323,0.691,87.285,78.536,87.904,67.802,125.331,135.999,114.663,1.598,AAPL
2017-02-14,133.47,135.09,133.25,135.02,133.939,33226200,126.082,119.921,108.721,4.187,3.496,0.691,88.449,84.923,89.537,70.207,126.082,137.272,114.892,1.615,AAPL
2017-02-15,135.52,136.27,134.62,135.51,134.425,35623100,126.858,120.433,108.93,4.314,3.66,0.655,88.61,82.752,89.951,72.515,126.858,138.415,115.301,1.617,AAPL
2017-02-16,135.67,135.9,134.84,135.35,134.266,22584600,127.636,120.958,109.131,4.352,3.798,0.554,87.525,78.347,88.717,74.679,127.636,139.284,115.989,1.578,AAPL
2017-02-17,135.1,135.83,135.1,135.72,134.633,22198200,128.422,121.473,109.339,4.361,3.911,0.45,86.692,74.453,89.09,76.677,128.422,140.021,116.823,1.517,AAPL
2017-02-21,136.23,136.75,135.98,136.7,135.606,24507200,129.253,121.986,109.556,4.397,4.008,0.389,87.642,82.096,90.03,78.539,129.253,140.717,117.79,1.482,AAPL
2017-02-22,136.43,137.12,136.11,137.11,136.012,20836900,130.11,122.486,109.778,4.407,4.088,0.32,89.393,87.899,90.402,80.266,130.11,141.208,119.013,1.448,AAPL
2017-02-23,137.38,137.48,136.3,136.53,135.437,20788200,130.843,122.938,109.997,4.319,4.134,0.185,87.352,70.822,85.534,81.861,130.843,141.582,120.104,1.429,AAPL
2017-02-24,135.91,136.66,135.28,136.66,135.566,21776600,131.579,123.405,110.213,4.211,4.15,0.062,84.021,68.124,85.719,82.006,131.579,141.751,121.407,1.426,AAPL
2017-02-27,137.14,137.44,136.28,136.93,135.834,20257400,132.328,123.84,110.435,4.1,4.14,-0.039,81.539,70.416,86.118,81.454,132.328,141.688,122.968,1.407,AAPL
2017-02-28,137.08,137.44,136.7,136.99,135.893,23482900,133.096,124.276,110.668,3.971,4.106,-0.135,80.012,73.333,86.21,80.487,133.096,141.196,124.996,1.359,AAPL
2017-03-01,137.89,140.15,137.6,139.79,138.671,36414600,134.018,124.755,110.915,4.048,4.095,-0.046,80.733,79.121,89.657,79.804,134.018,140.531,127.505,1.488,AAPL
2017-03-02,140.0,140.28,138.76,138.96,137.847,26211000,134.528,125.215,111.14,3.997,4.075,-0.078,80.261,73.79,83.031,79.34,134.528,140.902,128.155,1.49,AAPL
2017-03-03,138.78,139.83,138.59,139.78,138.661,21108100,135.091,125.678,111.372,3.976,4.055,-0.079,80.855,76.308,84.268,78.83,135.091,141.217,128.965,1.472,AAPL
2017-03-06,139.37,139.77,138.6,139.34,138.224,21750000,135.604,126.126,111.595,3.879,4.02,-0.141,80.329,65.665,80.862,78.308,135.604,141.315,129.893,1.451,AAPL
2017-03-07,139.06,139.98,138.79,139.52,138.403,17446300,136.065,126.575,111.822,3.773,3.971,-0.197,79.13,66.079,81.196,77.845,136.065,141.45,130.681,1.433,AAPL
2017-03-08,138.95,139.8,138.82,139.0,137.887,18707200,136.439,127.029,112.041,3.606,3.898,-0.292,72.501,53.714,77.004,77.435,136.439,141.527,131.351,1.4,AAPL
2017-03-09,138.74,138.79,137.05,138.68,137.57,22155900,136.771,127.472,112.252,3.408,3.8,-0.391,67.68,54.353,74.457,74.858,136.771,141.505,132.037,1.44,AAPL
2017-03-10,139.25,139.36,138.64,139.14,138.026,19612800,137.107,127.91,112.458,3.251,3.69,-0.439,65.943,61.569,75.701,71.382,137.107,141.481,132.733,1.388,AAPL
2017-03-13,138.85,139.43,138.82,139.2,138.086,17421700,137.461,128.359,112.656,3.096,3.571,-0.475,65.997,71.158,75.866,67.515,137.461,141.241,133.681,1.333,AAPL
2017-03-14,139.3,139.65,138.84,138.99,137.877,15309100,137.746,128.804,112.849,2.923,3.442,-0.519,66.527,58.99,73.971,63.692,137.746,141.029,134.463,1.295,AAPL
2017-03-15,139.41,140.75,139.03,140.46,139.335,25691800,138.018,129.297,113.05,2.87,3.327,-0.457,69.61,67.652,78.096,60.657,138.018,141.251,134.785,1.328,AAPL
2017-03-16,140.72,141.02,140.26,140.69,139.564,19232000,138.277,129.787,113.254,2.815,3.225,-0.41,72.817,73.388,78.666,58.349,138.277,141.494,135.06,1.288,AAPL
2017-03-17,141.0,141.0,139.89,139.99,138.869,43885000,138.509,130.267,113.462,2.684,3.117,-0.433,72.06,65.006,72.487,56.084,138.509,141.498,135.52,1.275,AAPL
2017-03-20,140.4,141.5,140.23,141.46,140.327,21542000,138.796,130.764,113.68,2.668,3.027,-0.359,74.662,75.843,76.637,54.219,138.796,141.76,135.832,1.292,AAPL
2017-03-21,142.11,142.8,139.73,139.84,138.72,39529900,138.953,131.202,113.89,2.496,2.921,-0.425,69.909,51.756,65.001,53.224,138.953,141.779,136.127,1.419,AAPL
2017-03-22,139.85,141.6,139.76,141.42,140.288,25860200,139.169,131.651,114.104,2.458,2.828,-0.37,66.146,52.854,69.815,52.808,139.169,142.059,136.278,1.449,AAPL
2017-03-23,141.26,141.58,140.61,140.92,139.792,20346300,139.388,132.087,114.313,2.361,2.735,-0.374,61.431,48.157,66.689,52.769,139.388,142.096,136.68,1.415,AAPL
2017-03-24,141.5,141.74,140.35,140.64,139.514,22395600,139.587,132.505,114.522,2.236,2.635,-0.399,55.803,46.919,64.935,52.525,139.587,142.022,137.152,1.413,AAPL
2017-03-27,139.39,141.22,138.62,140.88,139.752,23575100,139.785,132.938,114.728,2.131,2.534,-0.403,53.109,55.425,65.766,50.789,139.785,141.937,137.632,1.498,AAPL
2017-03-28,140.91,144.04,140.62,143.8,142.649,33374800,140.125,133.433,114.953,2.258,2.479,-0.221,56.63,68.807,73.877,49.193,140.125,142.553,137.697,1.635,AAPL
2017-03-29,143.68,144.49,143.19,144.12,142.966,29190000,140.342,133.915,115.187,2.357,2.455,-0.098,62.313,77.104,74.587,47.901,140.342,143.347,137.336,1.611,AAPL
2017-03-30,144.19,144.5,143.5,143.93,142.778,21207300,140.59,134.394,115.419,2.393,2.442,-0.05,67.949,79.839,73.312,46.85,140.59,143.919,137.261,1.568,AAPL
2017-03-31,143.72,144.27,143.01,143.66,142.51,19661700,140.784,134.872,115.652,2.372,2.428,-0.056,72.428,67.767,71.443,45.52,140.784,144.358,137.21,1.546,AAPL
2017-04-03,143.71,144.12,143.05,143.7,142.55,19985700,141.002,135.346,115.882,2.332,2.409,-0.077,75.191,60.615,71.559,44.062,141.002,144.733,137.271,1.512,AAPL
2017-04-04,143.25,144.89,143.17,144.77,143.611,19891400,141.265,135.839,116.13,2.359,2.399,-0.04,78.467,71.615,74.531,42.995,141.265,145.284,137.245,1.526,AAPL
2017-04-05,144.22,145.46,143.81,144.02,142.867,27717900,141.516,136.32,116.374,2.293,2.378,-0.084,75.784,61.16,69.081,42.473,141.516,145.567,137.464,1.535,AAPL
2017-04-06,144.29,144.52,143.45,143.66,142.51,21149000,141.765,136.756,116.613,2.187,2.34,-0.152,69.12,47.906,66.565,41.881,141.765,145.692,137.837,1.502,AAPL
2017-04-07,143.73,144.18,143.27,143.34,142.192,16672200,141.975,137.184,116.852,2.054,2.283,-0.229,59.815,33.003,64.323,41.051,141.975,145.758,138.191,1.46,AAPL
2017-04-10,143.6,143.88,142.9,143.17,142.024,18933400,142.173,137.608,117.087,1.912,2.208,-0.296,50.205,27.557,63.107,39.657,142.173,145.755,138.591,1.426,AAPL
2017-04-11,142.94,143.35,140.06,141.63,140.496,30379400,142.305,138.008,117.328,1.657,2.098,-0.441,43.586,31.074,53.278,38.694,142.305,145.574,139.036,1.559,AAPL
2017-04-12,141.6,142.15,141.01,141.8,140.665,20350000,142.372,138.417,117.577,1.451,1.969,-0.518,40.136,35.899,54.127,38.036,142.372,145.535,139.209,1.529,AAPL
2017-04-13,141.91,142.38,141.05,141.05,139.921,17822900,142.39,138.663,117.814,1.214,1.818,-0.604,36.813,33.963,49.824,37.36,142.39,145.516,139.264,1.515,AAPL
2017-04-17,141.48,141.88,140.87,141.83,140.694,16582100,142.482,138.929,118.052,1.076,1.669,-0.593,36.394,43.834,53.927,36.798,142.482,145.413,139.551,1.479,AAPL
2017-04-18,141.41,142.04,141.11,141.2,140.07,14697500,142.469,139.172,118.28,0.906,1.517,-0.611,36.015,36.508,50.346,36.136,142.469,145.421,139.517,1.439,AAPL
2017-04-19,141.88,142.0,140.45,140.68,139.554,17328400,142.511,139.38,118.504,0.721,1.357,-0.637,33.168,29.16,47.54,35.848,142.511,145.326,139.696,1.447,AAPL
2017-04-20,141.22,142.92,141.16,142.44,141.3,23319600,142.562,139.598,118.741,0.708,1.227,-0.52,37.17,46.296,56.398,34.778,142.562,145.331,139.793,1.504,AAPL
2017-04-21,142.44,142.68,141.85,142.27,141.131,17320900,142.63,139.802,118.974,0.676,1.117,-0.441,43.005,55.425,55.424,33.258,142.63,145.294,139.965,1.456,AAPL
2017-04-24,143.5,143.95,143.18,143.64,142.49,17134300,142.78,140.027,119.213,0.752,1.044,-0.292,50.947,66.58,61.231,31.816,142.78,145.306,140.253,1.472,AAPL
2017-04-25,143.91,144.9,143.87,144.53,143.373,18871500,142.962,140.275,119.452,0.875,1.01,-0.135,59.004,73.676,64.47,31.026,142.962,145.438,140.486,1.457,AAPL
2017-04-26,144.47,144.6,143.38,143.68,142.53,20041200,142.956,140.483,119.686,0.893,0.987,-0.094,63.515,58.807,59.369,30.177,142.956,145.424,140.488,1.44,AAPL
2017-04-27,143.92,144.16,143.31,143.79,142.639,14246300,142.939,140.658,119.918,0.906,0.971,-0.065,65.53,49.268,59.812,29.252,142.939,145.379,140.5,1.398,AAPL
2017-04-28,144.09,144.3,143.27,143.65,142.5,20860400,142.925,140.821,120.151,0.895,0.956,-0.061,62.181,42.369,58.931,28.417,142.925,145.344,140.507,1.371,AAPL
2017-05-01,145.1,147.2,144.96,146.58,145.406,33602900,143.071,141.046,120.39,1.109,0.986,0.123,63.142,56.32,69.166,28.972,143.071,145.98,140.163,1.527,AAPL
2017-05-02,147.54,148.09,146.84,147.51,146.329,45352200,143.262,141.281,120.634,1.339,1.057,0.282,66.327,66.869,71.587,30.587,143.262,146.779,139.745,1.526,AAPL
2017-05-03,145.59,147.49,144.27,147.06,145.883,45697000,143.376,141.489,120.87,1.468,1.139,0.329,69.11,68.925,68.773,30.917,143.376,147.233,139.52,1.648,AAPL
2017-05-04,146.52,147.14,145.81,146.53,145.357,23371900,143.502,141.677,121.104,1.51,1.213,0.296,70.183,65.671,65.508,30.433,143.502,147.602,139.402,1.625,AAPL
2017-05-05,146.76,148.98,146.76,148.96,147.767,27327700,143.767,141.926,121.349,1.719,1.314,0.405,73.925,76.972,72.058,30.198,143.767,148.54,138.994,1.684,AAPL
2017-05-08,149.03,153.7,149.03,153.01,151.785,48752400,144.25,142.253,121.616,2.187,1.489,0.698,77.673,81.733,79.161,31.117,144.25,150.555,137.946,1.903,AAPL
2017-05-09,153.87,154.88,153.45,153.99,152.757,39130400,144.791,142.594,121.893,2.606,1.712,0.894,80.887,84.169,80.456,32.876,144.791,152.423,137.16,1.9,AAPL
2017-05-10,153.63,153.94,152.11,153.26,152.033,25805700,145.373,142.919,122.173,2.847,1.939,0.908,82.455,80.215,76.637,34.384,145.373,153.728,137.018,1.899,AAPL
2017-05-11,152.45,154.07,152.31,153.95,153.348,27255100,145.98,143.202,122.459,3.058,2.163,0.895,83.829,75.619,77.714,35.706,145.98,154.983,136.978,1.889,AAPL
2017-05-12,154.7,156.42,154.67,156.1,155.489,32527000,146.733,143.545,122.725,3.361,2.403,0.958,85.755,81.271,80.699,37.296,146.733,156.485,136.981,1.93,AAPL
2017-05-15,156.01,156.65,155.05,155.7,155.091,26009700,147.426,143.864,122.982,3.527,2.627,0.9,85.869,80.217,78.59,39.033,147.426,157.671,137.182,1.907,AAPL
2017-05-16,155.94,156.06,154.72,155.47,154.862,20048500,148.14,144.186,123.238,3.599,2.822,0.777,84.602,66.946,77.338,40.583,148.14,158.545,137.735,1.866,AAPL
2017-05-17,153.6,154.57,149.71,150.25,149.662,50767700,148.618,144.401,123.459,3.198,2.897,0.301,75.503,47.225,55.667,40.427,148.618,158.443,138.794,2.144,AAPL
2017-05-18,151.27,153.34,151.13,152.54,151.943,33568200,149.123,144.672,123.699,3.03,2.924,0.106,67.601,46.339,60.85,39.212,149.123,158.645,139.602,2.212,AAPL
2017-05-19,153.38,153.98,152.63,153.06,152.461,26960800,149.663,144.959,123.936,2.905,2.92,-0.015,61.941,53.869,61.938,37.128,149.663,158.762,140.564,2.157,AAPL
2017-05-22,154.0,154.58,152.91,153.99,153.388,22966400,150.18,145.256,124.176,2.849,2.906,-0.057,60.032,63.546,63.872,34.659,150.18,159.011,141.35,2.122,AAPL
2017-05-23,154.9,154.9,153.31,153.8,153.198,19918900,150.644,145.548,124.408,2.757,2.876,-0.119,61.27,59.544,63.166,32.17,150.644,159.194,142.094,2.084,AAPL
2017-05-24,153.84,154.17,152.67,153.34,152.74,19178000,151.127,145.835,124.633,2.617,2.824,-0.207,61.525,49.711,61.396,29.488,151.127,159.092,143.162,2.042,AAPL
2017-05-25,153.73,154.35,153.03,153.87,153.268,19235600,151.631,146.103,124.858,2.519,2.763,-0.244,60.872,51.078,62.693,26.828,151.631,158.886,144.376,1.991,AAPL
2017-05-26,154.0,154.24,153.31,153.61,153.009,21701100,152.129,146.362,125.086,2.394,2.689,-0.296,58.502,52.703,61.6,24.277,152.129,158.374,145.884,1.915,AAPL
2017-05-30,153.42,154.43,153.33,153.67,153.069,20126900,152.483,146.635,125.315,2.273,2.606,-0.333,55.931,50.373,61.765,22.007,152.483,158.183,146.784,1.857,AAPL
2017-05-31,153.97,154.17,152.38,152.76,152.162,24451200,152.746,146.861,125.538,2.079,2.501,-0.421,50.633,39.761,57.698,20.241,152.746,157.943,147.549,1.852,AAPL
2017-06-01,153.17,153.33,152.22,153.18,152.581,16404100,153.052,147.128,125.756,1.938,2.388,-0.45,47.479,40.987,59.039,18.951,153.052,157.507,148.597,1.799,AAPL
2017-06-02,153.58,155.45,152.89,155.45,154.842,27770700,153.498,147.409,125.986,1.986,2.308,-0.322,51.913,60.658,65.418,18.267,153.498,156.854,150.142,1.853,AAPL
2017-06-05,154.34,154.45,153.46,153.93,153.328,25331700,153.746,147.669,126.21,1.879,2.222,-0.342,53.998,58.086,58.813,17.985,153.746,156.336,151.157,1.863,AAPL
2017-06-06,153.9,155.81,153.78,154.45,153.846,26624900,153.818,147.945,126.437,1.816,2.141,-0.325,55.827,56.532,60.29,18.568,153.818,156.402,151.235,1.875,AAPL
2017-06-07,155.02,155.98,154.48,155.37,154.762,21069600,153.887,148.235,126.667,1.819,2.077,-0.257,59.745,62.952,62.83,19.737,153.887,156.562,151.213,1.85,AAPL
2017-06-08,155.25,155.54,154.4,154.99,154.384,21250800,153.974,148.459,126.899,1.771,2.015,-0.244,62.399,60.302,61.092,21.147,153.974,156.675,151.273,1.8,AAPL
2017-06-09,155.19,155.19,146.02,148.98,148.397,64882700,153.725,148.556,127.1,1.233,1.859,-0.626,59.948,50.107,41.526,23.172,153.725,157.231,150.22,2.326,AAPL
2017-06-12,145.74,146.09,142.51,145.42,144.851,72307300,153.191,148.586,127.287,0.514,1.59,-1.076,54.598,40.849,34.481,25.913,153.191,158.133,148.25,2.622,AAPL
2017-06-13,147.16,147.45,145.15,146.59,146.017,34165400,152.736,148.644,127.482,0.038,1.28,-1.242,49.519,37.958,38.193,28.43,152.736,158.339,147.133,2.599,AAPL
2017-06-14,147.5,147.5,143.84,145.16,144.592,31531200,152.22,148.674,127.673,-0.45,0.934,-1.383,44.02,43.008,35.543,30.898,152.22,158.607,145.834,2.675,AAPL
2017-06-15,143.32,144.48,142.21,144.29,143.726,32165400,151.922,148.664,127.86,-0.896,0.568,-1.464,38.465,41.778,33.997,33.452,151.922,159.191,144.654,2.695,AAPL
2017-06-16,143.78,144.5,142.2,142.27,141.714,50361100,151.409,148.629,128.042,-1.396,0.175,-1.571,31.869,28.292,30.663,35.958,151.409,159.851,142.967,2.666,AAPL
2017-06-19,143.66,146.74,143.66,146.34,145.768,32541400,151.073,148.683,128.243,-1.448,-0.15,-1.298,34.076,49.258,42.828,37.301,151.073,159.769,142.377,2.795,AAPL
2017-06-20,146.87,146.87,144.94,145.01,144.443,24900100,150.624,148.716,128.434,-1.578,-0.435,-1.143,37.161,52.896,40.338,37.813,150.624,159.608,141.639,2.733,AAPL
2017-06-21,145.52,146.07,144.61,145.87,145.299,21265800,150.227,148.77,128.625,-1.593,-0.667,-0.926,43.135,58.213,42.66,37.875,150.227,159.321,141.134,2.642,AAPL
2017-06-22,145.77,146.7,145.12,145.63,145.06,19106300,149.842,148.85,128.815,-1.606,-0.855,-0.751,49.159,53.853,42.167,37.326,149.842,159.033,140.651,2.567,AAPL
2017-06-23,145.13,147.16,145.11,146.28,145.708,35439400,149.462,148.94,129.004,-1.546,-0.993,-0.553,54.691,57.732,44.053,36.171,149.462,158.58,140.345,2.53,AAPL
2017-06-26,147.17,148.28,145.38,145.82,145.25,25692400,149.073,149.035,129.206,-1.518,-1.098,-0.42,54.736,45.954,42.984,34.192,149.073,158.11,140.036,2.556,AAPL
2017-06-27,145.01,146.16,143.62,143.73,143.168,24761900,148.576,149.073,129.409,-1.646,-1.208,-0.438,48.937,31.423,38.424,32.413,148.576,157.641,139.511,2.555,AAPL
2017-06-28,144.49,146.11,143.16,145.83,145.26,22082400,148.229,149.166,129.611,-1.559,-1.278,-0.281,46.716,38.331,44.765,30.984,148.229,157.15,139.309,2.583,AAPL
2017-06-29,144.71,145.13,142.28,143.68,143.118,31499400,147.754,149.226,129.789,-1.645,-1.351,-0.294,43.131,37.582,40.201,30.127,147.754,156.576,138.933,2.652,AAPL
2017-06-30,144.45,144.96,143.78,144.02,143.457,23024100,147.183,149.257,129.951,-1.667,-1.414,-0.252,39.968,40.198,41.221,29.659,147.183,155.363,139.003,2.554,AAPL
2017-07-03,144.88,145.3,143.1,143.5,142.939,14258300,146.661,149.282,130.09,-1.706,-1.473,-0.233,37.615,40.264,40.094,29.697,146.661,154.346,138.977,2.529,AAPL
2017-07-05,143.69,144.79,142.72,144.09,143.526,21569600,146.143,149.291,130.236,-1.671,-1.512,-0.158,37.64,44.543,42.031,30.186,146.143,152.965,139.322,2.496,AAPL
2017-07-06,143.02,143.5,142.41,142.73,142.172,24128800,145.511,149.255,130.382,-1.732,-1.556,-0.176,35.125,33.386,38.908,31.052,145.511,150.933,140.09,2.438,AAPL
2017-07-07,142.9,144.75,142.9,144.18,143.616,19201700,144.971,149.265,130.535,-1.645,-1.574,-0.071,36.909,47.047,43.71,31.061,144.971,148.072,141.87,2.408,AAPL
2017-07-10,144.11,145.95,143.37,145.06,144.493,21090600,144.775,149.29,130.693,-1.488,-1.557,0.069,41.919,56.318,46.461,30.144,144.775,147.239,142.311,2.42,AAPL
2017-07-11,144.73,145.85,144.38,145.53,144.961,19781800,144.78,149.328,130.847,-1.31,-1.507,0.197,49.281,66.288,47.924,28.68,144.78,147.251,142.31,2.352,AAPL
2017-07-12,145.87,146.18,144.82,145.74,145.17,24884500,144.738,149.311,131.012,-1.139,-1.434,0.295,56.891,72.306,48.6,27.141,144.738,147.105,142.371,2.282,AAPL
2017-07-13,145.5,148.49,145.44,147.77,147.192,25199400,144.868,149.316,131.187,-0.83,-1.313,0.483,63.633,75.698,54.72,26.681,144.868,147.594,142.143,2.336,AAPL
2017-07-14,147.97,149.33,147.33,149.04,148.457,20132100,145.106,149.356,131.366,-0.478,-1.146,0.668,70.129,81.655,58.083,27.171,145.106,148.39,141.822,2.312,AAPL
2017-07-17,148.82,150.9,148.57,149.56,148.975,23793500,145.47,149.416,131.544,-0.154,-0.948,0.793,74.051,79.589,59.412,28.628,145.47,149.035,141.906,2.314,AAPL
2017-07-18,149.2,150.13,148.67,150.08,149.493,17868800,145.657,149.439,131.734,0.142,-0.73,0.872,77.18,78.737,60.752,30.636,145.657,149.765,141.55,2.253,AAPL
2017-07-19,150.48,151.42,149.95,151.02,150.429,20923000,145.958,149.399,131.924,0.448,-0.494,0.942,80.362,81.146,63.123,33.189,145.958,150.697,141.219,2.197,AAPL
2017-07-20,151.5,151.74,150.19,150.34,149.752,17243700,146.181,149.326,132.113,0.628,-0.27,0.898,80.431,72.23,60.286,36.051,146.181,151.309,141.054,2.151,AAPL
2017-07-21,149.99,150.44,148.88,150.27,149.682,26252600,146.413,149.266,132.299,0.756,-0.065,0.821,77.484,64.354,59.987,37.837,146.413,151.847,140.98,2.108,AAPL
2017-07-24,150.58,152.44,149.9,152.09,151.495,21493200,146.704,149.229,132.494,0.993,0.147,0.846,77.644,72.959,64.864,39.468,146.704,152.699,140.709,2.139,AAPL
2017-07-25,151.8,153.84,151.8,152.74,152.143,18853900,147.05,149.162,132.689,1.22,0.362,0.858,77.735,74.58,66.437,41.235,147.05,153.603,140.497,2.132,AAPL
2017-07-26,153.35,153.93,153.06,153.46,152.86,15781000,147.536,149.117,132.886,1.441,0.577,0.863,79.215,79.166,68.139,43.041,147.536,154.485,140.588,2.065,AAPL
2017-07-27,153.75,153.99,147.3,150.56,149.971,32476300,147.773,149.019,133.058,1.366,0.735,0.631,76.486,69.02,55.854,43.217,147.773,154.798,140.748,2.395,AAPL
2017-07-28,149.89,150.23,149.19,149.5,148.915,17213700,148.064,149.004,133.224,1.207,0.83,0.378,70.428,56.975,52.153,42.366,148.064,154.854,141.274,2.322,AAPL
2017-07-31,149.9,150.33,148.13,148.73,148.148,19845900,148.299,148.928,133.381,1.008,0.865,0.143,62.286,45.108,49.582,41.219,148.299,154.82,141.779,2.313,AAPL
2017-08-01,149.1,150.22,148.41,150.05,149.463,35368600,148.627,148.867,133.547,0.945,0.881,0.064,56.313,59.163,53.787,39.927,148.627,154.78,142.474,2.277,AAPL
2017-08-02,159.28,159.75,156.16,157.14,156.525,69936800,149.279,148.93,133.744,1.451,0.995,0.456,56.184,65.288,68.826,39.288,149.279,156.134,142.425,2.807,AAPL
2017-08-03,157.05,157.21,155.02,155.57,154.961,27097300,149.922,148.966,133.934,1.706,1.137,0.568,56.998,64.572,63.869,38.709,149.922,156.596,143.247,2.763,AAPL
2017-08-04,156.07,157.4,155.69,156.39,155.778,20559900,150.532,149.027,134.129,1.951,1.3,0.651,58.925,52.703,65.276,38.222,150.532,157.229,143.835,2.697,AAPL
2017-08-07,157.06,158.92,156.67,158.81,158.189,21870300,151.22,149.126,134.337,2.314,1.503,0.811,63.424,67.528,69.099,38.066,151.22,158.36,144.079,2.685,AAPL
2017-08-08,158.6,161.83,158.27,160.08,159.454,36205900,151.947,149.255,134.552,2.674,1.737,0.937,66.632,68.852,70.91,38.528,151.947,159.594,144.3,2.747,AAPL
2017-08-09,159.26,161.27,159.11,161.06,160.43,26131500,152.713,149.403,134.775,3.003,1.99,1.013,70.51,74.26,72.26,39.361,152.713,160.798,144.628,2.705,AAPL
2017-08-10,159.9,160.0,154.63,155.32,155.32,40804300,153.091,149.454,134.963,2.769,2.146,0.623,65.463,52.701,55.893,38.814,153.091,160.905,145.276,2.971,AAPL
2017-08-11,156.6,158.57,156.07,157.48,157.48,26257100,153.513,149.54,135.159,2.726,2.262,0.464,60.345,49.441,59.602,37.426,153.513,161.317,145.708,2.991,AAPL
2017-08-14,159.32,160.21,158.75,159.85,159.85,22028200,154.027,149.628,135.38,2.851,2.38,0.471,59.421,64.144,63.252,35.958,154.027,162.087,145.967,2.973,AAPL
2017-08-15,160.66,162.2,160.14,161.6,161.6,29465500,154.603,149.781,135.616,3.055,2.515,0.541,62.638,72.833,65.716,34.91,154.603,163.11,146.096,2.928,AAPL
2017-08-16,161.94,162.51,160.15,160.95,160.95,27671600,155.1,149.911,135.852,3.129,2.638,0.491,66.02,68.059,63.999,34.223,155.1,163.88,146.319,2.888,AAPL
2017-08-17,160.52,160.71,157.84,157.86,157.86,27940600,155.476,149.961,136.074,2.905,2.691,0.214,63.275,45.515,56.452,32.92,155.476,164.04,146.911,2.903,AAPL
2017-08-18,157.86,159.5,156.72,157.5,157.5,27428100,155.837,150.011,136.304,2.667,2.686,-0.019,56.522,34.834,55.629,30.942,155.837,164.08,147.594,2.895,AAPL
2017-08-21,157.5,157.89,155.11,157.21,157.21,26368500,156.093,150.176,136.532,2.427,2.635,-0.207,50.393,35.723,54.934,29.085,156.093,164.162,148.024,2.886,AAPL
2017-08-22,158.23,160.0,158.02,159.78,159.78,21461800,156.445,150.463,136.782,2.417,2.591,-0.174,49.082,55.649,59.734,27.078,156.445,164.513,148.377,2.88,AAPL
2017-08-23,159.07,160.47,158.88,159.98,159.98,19399081,156.771,150.731,137.037,2.397,2.552,-0.155,52.709,67.385,60.09,25.188,156.771,164.858,148.684,2.787,AAPL
