date,close,date.1,high,low,open,volume,stocastic_kdjd_5,stocastic_kdjk_3,rsi_rsi_14,adx_adx_15_ema,macd_macd,macd_macds,macd_macdh,bbands_boll,bbands_boll_ub,bbands_boll_lb,atr_atr,stock_name
2016-06-01T09:20:00+0530,221.45,2016-06-01T09:20:00+0530,221.59,220.64,221.55,317139,56.456,63.736,0.0,100.0,-0.002,-0.001,-0.002,221.5,221.641,221.359,0.95,ICICIBANK-NSE-2016-06-01-to-2016-06-05-5minute
2016-06-01T09:25:00+0530,221.45,2016-06-01T09:25:00+0530,222.0,221.14,221.45,222861,58.418,62.343,0.0,73.112,-0.003,-0.002,-0.002,221.483,221.599,221.368,0.903,ICICIBANK-NSE-2016-06-01-to-2016-06-05-5minute
2016-06-01T09:30:00+0530,221.41,2016-06-01T09:30:00+0530,221.95,221.18,221.45,182026,59.09,60.435,0.0,58.071,-0.005,-0.003,-0.003,221.465,221.584,221.346,0.856,ICICIBANK-NSE-2016-06-01-to-2016-06-05-5minute
2016-06-01T09:35:00+0530,221.45,2016-06-01T09:35:00+0530,221.55,221.09,221.41,110336,59.441,53.477,25.444,47.024,-0.004,-0.003,-0.001,221.462,221.566,221.358,0.745,ICICIBANK-NSE-2016-06-01-to-2016-06-05-5minute
2016-06-01T09:40:00+0530,221.5,2016-06-01T09:40:00+0530,221.82,221.41,221.5,103752,60.019,51.543,44.465,41.353,-0.001,-0.003,0.003,221.468,221.567,221.37,0.668,ICICIBANK-NSE-2016-06-01-to-2016-06-05-5minute
2016-06-01T09:45:00+0530,221.59,2016-06-01T09:45:00+0530,221.91,221.45,221.5,108174,59.712,54.687,62.842,38.681,0.005,-0.001,0.011,221.486,221.614,221.357,0.627,ICICIBANK-NSE-2016-06-01-to-2016-06-05-5minute
2016-06-01T09:50:00+0530,221.68,2016-06-01T09:50:00+0530,221.91,221.55,221.59,115775,60.563,54.458,72.605,37.419,0.013,0.003,0.021,221.51,221.692,221.328,0.58,ICICIBANK-NSE-2016-06-01-to-2016-06-05-5minute
2016-06-01T09:55:00+0530,221.82,2016-06-01T09:55:00+0530,222.05,221.55,221.73,153690,62.662,56.861,80.977,37.542,0.025,0.008,0.035,221.544,221.812,221.277,0.567,ICICIBANK-NSE-2016-06-01-to-2016-06-05-5minute
2016-06-01T10:00:00+0530,222.23,2016-06-01T10:00:00+0530,222.36,221.59,221.73,213826,66.222,65.891,90.314,39.171,0.055,0.018,0.073,221.613,222.115,221.111,0.597,ICICIBANK-NSE-2016-06-01-to-2016-06-05-5minute
2016-06-01T10:05:00+0530,221.91,2016-06-01T10:05:00+0530,222.18,221.64,222.18,149647,66.064,58.742,63.937,41.444,0.058,0.027,0.062,221.64,222.148,221.132,0.596,ICICIBANK-NSE-2016-06-01-to-2016-06-05-5minute
2016-06-01T10:10:00+0530,221.77,2016-06-01T10:10:00+0530,222.0,221.77,221.82,96771,61.67,46.954,56.204,43.922,0.052,0.033,0.04,221.651,222.141,221.16,0.549,ICICIBANK-NSE-2016-06-01-to-2016-06-05-5minute
2016-06-01T10:15:00+0530,221.77,2016-06-01T10:15:00+0530,222.0,221.59,221.82,88051,55.883,41.472,56.204,44.667,0.047,0.036,0.023,221.66,222.134,221.186,0.532,ICICIBANK-NSE-2016-06-01-to-2016-06-05-5minute
2016-06-01T10:20:00+0530,221.91,2016-06-01T10:20:00+0530,222.0,221.77,221.77,88862,51.72,53.664,61.592,44.418,0.051,0.039,0.024,221.678,222.153,221.203,0.497,ICICIBANK-NSE-2016-06-01-to-2016-06-05-5minute
2016-06-01T10:25:00+0530,222.14,2016-06-01T10:25:00+0530,222.23,221.91,221.91,135145,53.671,64.422,68.457,44.457,0.067,0.045,0.044,221.709,222.225,221.193,0.478,ICICIBANK-NSE-2016-06-01-to-2016-06-05-5minute
2016-06-01T10:30:00+0530,222.95,2016-06-01T10:30:00+0530,222.95,222.05,222.23,375899,59.686,76.281,81.201,45.723,0.127,0.062,0.131,221.786,222.582,220.99,0.523,ICICIBANK-NSE-2016-06-01-to-2016-06-05-5minute
2016-06-01T10:35:00+0530,221.86,2016-06-01T10:35:00+0530,223.14,221.68,222.91,367675,57.663,54.964,51.214,46.024,0.104,0.07,0.067,221.791,222.562,221.019,0.619,ICICIBANK-NSE-2016-06-01-to-2016-06-05-5minute
2016-06-01T10:40:00+0530,222.05,2016-06-01T10:40:00+0530,222.27,221.77,221.91,106805,53.173,45.09,54.377,45.745,0.097,0.076,0.043,221.805,222.564,221.046,0.607,ICICIBANK-NSE-2016-06-01-to-2016-06-05-5minute
2016-06-01T10:45:00+0530,222.0,2016-06-01T10:45:00+0530,222.23,221.91,222.05,99886,47.704,37.366,53.396,45.134,0.087,0.078,0.018,221.815,222.558,221.073,0.579,ICICIBANK-NSE-2016-06-01-to-2016-06-05-5minute
2016-06-01T10:50:00+0530,221.36,2016-06-01T10:50:00+0530,222.14,221.36,222.0,124422,39.973,24.911,42.762,43.461,0.037,0.07,-0.066,221.792,222.543,221.042,0.598,ICICIBANK-NSE-2016-06-01-to-2016-06-05-5minute
2016-06-01T10:55:00+0530,221.27,2016-06-01T10:55:00+0530,221.45,220.77,221.36,193059,34.44,28.023,41.51,42.229,-0.008,0.054,-0.125,221.778,222.558,220.999,0.606,ICICIBANK-NSE-2016-06-01-to-2016-06-05-5minute
2016-06-01T11:00:00+0530,221.32,2016-06-01T11:00:00+0530,221.55,221.09,221.27,88528,32.228,32.064,42.517,41.024,-0.04,0.035,-0.15,221.772,222.565,220.979,0.593,ICICIBANK-NSE-2016-06-01-to-2016-06-05-5minute
2016-06-01T11:05:00+0530,221.18,2016-06-01T11:05:00+0530,221.41,221.09,221.32,71498,30.785,38.897,40.418,39.882,-0.073,0.013,-0.173,221.758,222.584,220.933,0.568,ICICIBANK-NSE-2016-06-01-to-2016-06-05-5minute
2016-06-01T11:10:00+0530,221.09,2016-06-01T11:10:00+0530,221.41,221.05,221.27,65812,29.318,28.598,39.083,38.898,-0.105,-0.01,-0.189,221.742,222.607,220.878,0.55,ICICIBANK-NSE-2016-06-01-to-2016-06-05-5minute
2016-06-01T11:15:00+0530,221.45,2016-06-01T11:15:00+0530,221.73,221.0,221.14,92510,33.279,39.613,46.672,37.021,-0.103,-0.029,-0.148,221.742,222.607,220.878,0.566,ICICIBANK-NSE-2016-06-01-to-2016-06-05-5minute
2016-06-01T11:20:00+0530,221.36,2016-06-01T11:20:00+0530,221.59,221.36,221.45,35548,36.821,42.847,45.158,34.668,-0.107,-0.045,-0.124,221.736,222.611,220.86,0.537,ICICIBANK-NSE-2016-06-01-to-2016-06-05-5minute
2016-06-01T11:25:00+0530,220.73,2016-06-01T11:25:00+0530,221.45,220.64,221.36,112702,35.221,31.317,36.282,33.458,-0.153,-0.066,-0.173,221.692,222.676,220.709,0.56,ICICIBANK-NSE-2016-06-01-to-2016-06-05-5minute
2016-06-01T11:30:00+0530,220.82,2016-06-01T11:30:00+0530,220.91,220.5,220.82,88852,33.488,30.664,38.152,33.171,-0.181,-0.089,-0.183,221.649,222.708,220.591,0.548,ICICIBANK-NSE-2016-06-01-to-2016-06-05-5minute
2016-06-01T11:35:00+0530,220.86,2016-06-01T11:35:00+0530,220.91,220.73,220.82,46219,32.248,33.074,39.009,33.463,-0.197,-0.111,-0.173,221.601,222.713,220.49,0.518,ICICIBANK-NSE-2016-06-01-to-2016-06-05-5minute
2016-06-01T11:40:00+0530,220.5,2016-06-01T11:40:00+0530,220.86,220.23,220.82,140380,30.32,35.285,34.391,34.641,-0.234,-0.136,-0.198,221.515,222.688,220.342,0.527,ICICIBANK-NSE-2016-06-01-to-2016-06-05-5minute
2016-06-01T11:45:00+0530,220.91,2016-06-01T11:45:00+0530,221.18,220.41,220.5,93108,32.288,47.383,42.709,35.342,-0.23,-0.155,-0.152,221.465,222.652,220.278,0.546,ICICIBANK-NSE-2016-06-01-to-2016-06-05-5minute
2016-06-01T11:50:00+0530,220.0,2016-06-01T11:50:00+0530,220.91,219.91,220.91,148769,30.362,33.951,32.776,36.279,-0.292,-0.182,-0.219,221.376,222.721,220.032,0.582,ICICIBANK-NSE-2016-06-01-to-2016-06-05-5minute
2016-06-01T11:55:00+0530,220.09,2016-06-01T11:55:00+0530,220.55,220.0,220.0,141710,27.707,27.358,34.401,37.33,-0.33,-0.212,-0.236,221.292,222.74,219.845,0.58,ICICIBANK-NSE-2016-06-01-to-2016-06-05-5minute
2016-06-01T12:00:00+0530,220.73,2016-06-01T12:00:00+0530,220.91,220.0,220.09,106686,30.623,45.572,44.648,37.428,-0.308,-0.231,-0.154,221.233,222.671,219.796,0.606,ICICIBANK-NSE-2016-06-01-to-2016-06-05-5minute
2016-06-01T12:05:00+0530,220.82,2016-06-01T12:05:00+0530,220.82,220.27,220.68,61829,36.478,60.418,45.927,36.931,-0.28,-0.241,-0.079,221.167,222.55,219.785,0.601,ICICIBANK-NSE-2016-06-01-to-2016-06-05-5minute
2016-06-01T12:10:00+0530,220.68,2016-06-01T12:10:00+0530,221.09,220.55,220.82,72603,42.277,61.074,44.215,35.404,-0.266,-0.246,-0.041,221.054,222.167,219.941,0.596,ICICIBANK-NSE-2016-06-01-to-2016-06-05-5minute
2016-06-01T12:15:00+0530,220.36,2016-06-01T12:15:00+0530,220.73,220.36,220.68,47147,43.827,44.374,40.5,33.679,-0.276,-0.252,-0.049,220.979,222.065,219.893,0.579,ICICIBANK-NSE-2016-06-01-to-2016-06-05-5minute
2016-06-01T12:20:00+0530,220.14,2016-06-01T12:20:00+0530,220.45,220.0,220.36,101638,41.073,33.864,38.128,32.499,-0.298,-0.261,-0.073,220.883,221.907,219.86,0.569,ICICIBANK-NSE-2016-06-01-to-2016-06-05-5minute
2016-06-01T12:25:00+0530,220.09,2016-06-01T12:25:00+0530,220.32,220.05,220.14,42715,36.203,26.686,37.589,31.7,-0.315,-0.272,-0.086,220.788,221.725,219.851,0.546,ICICIBANK-NSE-2016-06-01-to-2016-06-05-5minute
2016-06-01T12:30:00+0530,220.09,2016-06-01T12:30:00+0530,220.45,220.05,220.09,51689,30.933,24.457,37.589,30.765,-0.325,-0.282,-0.084,220.724,221.671,219.778,0.535,ICICIBANK-NSE-2016-06-01-to-2016-06-05-5minute
2016-06-01T12:35:00+0530,219.82,2016-06-01T12:35:00+0530,220.14,219.82,220.09,142352,25.154,16.305,34.532,30.209,-0.349,-0.296,-0.107,220.652,221.643,219.661,0.519,ICICIBANK-NSE-2016-06-01-to-2016-06-05-5minute
2016-06-01T12:40:00+0530,219.73,2016-06-01T12:40:00+0530,220.0,219.55,219.86,149590,22.013,17.537,33.553,30.322,-0.372,-0.311,-0.121,220.572,221.593,219.552,0.514,ICICIBANK-NSE-2016-06-01-to-2016-06-05-5minute
2016-06-01T12:45:00+0530,219.68,2016-06-01T12:45:00+0530,219.86,219.55,219.73,102353,19.776,19.036,32.993,30.85,-0.389,-0.326,-0.124,220.497,221.55,219.445,0.499,ICICIBANK-NSE-2016-06-01-to-2016-06-05-5minute
2016-06-01T12:50:00+0530,219.86,2016-06-01T12:50:00+0530,219.95,219.59,219.68,80633,20.412,35.653,37.064,31.26,-0.383,-0.338,-0.091,220.436,221.486,219.386,0.488,ICICIBANK-NSE-2016-06-01-to-2016-06-05-5minute
2016-06-01T12:55:00+0530,219.95,2016-06-01T12:55:00+0530,220.14,219.86,219.86,71248,25.959,46.368,39.058,30.893,-0.368,-0.344,-0.048,220.361,221.317,219.405,0.473,ICICIBANK-NSE-2016-06-01-to-2016-06-05-5minute
2016-06-01T13:00:00+0530,220.14,2016-06-01T13:00:00+0530,220.18,219.95,219.95,44633,35.946,61.985,43.152,29.916,-0.337,-0.343,0.011,220.3,221.135,219.465,0.455,ICICIBANK-NSE-2016-06-01-to-2016-06-05-5minute
2016-06-01T13:05:00+0530,220.18,2016-06-01T13:05:00+0530,220.23,220.0,220.14,36544,46.685,70.152,44.005,28.408,-0.306,-0.335,0.059,220.272,221.084,219.461,0.438,ICICIBANK-NSE-2016-06-01-to-2016-06-05-5minute
2016-06-01T13:10:00+0530,220.55,2016-06-01T13:10:00+0530,220.82,220.09,220.18,85997,54.942,69.757,51.286,27.734,-0.249,-0.318,0.138,220.259,221.041,219.477,0.46,ICICIBANK-NSE-2016-06-01-to-2016-06-05-5minute
2016-06-01T13:15:00+0530,220.59,2016-06-01T13:15:00+0530,220.82,220.5,220.55,84157,60.957,70.488,52.012,27.605,-0.199,-0.294,0.191,220.246,220.992,219.499,0.45,ICICIBANK-NSE-2016-06-01-to-2016-06-05-5minute
2016-06-01T13:20:00+0530,220.77,2016-06-01T13:20:00+0530,220.91,220.36,220.64,81754,66.348,74.634,55.246,27.29,-0.143,-0.264,0.242,220.259,221.034,219.484,0.457,ICICIBANK-NSE-2016-06-01-to-2016-06-05-5minute
2016-06-01T13:25:00+0530,220.23,2016-06-01T13:25:00+0530,220.77,220.0,220.73,224550,64.18,58.181,45.368,26.425,-0.14,-0.239,0.199,220.225,220.937,219.513,0.48,ICICIBANK-NSE-2016-06-01-to-2016-06-05-5minute
2016-06-01T13:30:00+0530,220.14,2016-06-01T13:30:00+0530,220.45,220.0,220.23,67123,57.795,43.916,43.957,25.248,-0.143,-0.22,0.154,220.232,220.937,219.527,0.478,ICICIBANK-NSE-2016-06-01-to-2016-06-05-5minute
2016-06-01T13:35:00+0530,220.86,2016-06-01T13:35:00+0530,220.91,220.18,220.18,85274,59.036,60.779,55.799,24.444,-0.087,-0.193,0.212,220.27,221.025,219.516,0.499,ICICIBANK-NSE-2016-06-01-to-2016-06-05-5minute
2016-06-01T13:40:00+0530,220.73,2016-06-01T13:40:00+0530,220.86,220.5,220.86,42419,61.941,67.259,53.597,23.902,-0.053,-0.165,0.225,220.27,221.025,219.516,0.489,ICICIBANK-NSE-2016-06-01-to-2016-06-05-5minute
2016-06-01T13:45:00+0530,220.77,2016-06-01T13:45:00+0530,220.82,220.55,220.64,47863,65.752,71.78,54.196,23.543,-0.022,-0.136,0.229,220.268,221.016,219.52,0.473,ICICIBANK-NSE-2016-06-01-to-2016-06-05-5minute
2016-06-01T13:50:00+0530,220.27,2016-06-01T13:50:00+0530,220.82,220.27,220.77,65609,63.436,47.853,46.173,22.594,-0.037,-0.116,0.159,220.248,220.97,219.525,0.479,ICICIBANK-NSE-2016-06-01-to-2016-06-05-5minute
2016-06-01T13:55:00+0530,220.14,2016-06-01T13:55:00+0530,220.55,220.09,220.27,54920,56.036,34.185,44.335,21.787,-0.058,-0.105,0.093,220.237,220.958,219.515,0.477,ICICIBANK-NSE-2016-06-01-to-2016-06-05-5minute
2016-06-01T14:00:00+0530,220.55,2016-06-01T14:00:00+0530,220.73,220.09,220.14,73217,53.159,43.795,50.964,20.526,-0.042,-0.092,0.1,220.257,220.99,219.524,0.489,ICICIBANK-NSE-2016-06-01-to-2016-06-05-5minute
2016-06-01T14:05:00+0530,220.09,2016-06-01T14:05:00+0530,220.59,219.95,220.55,301527,47.762,35.179,44.553,19.416,-0.066,-0.087,0.043,220.257,220.99,219.524,0.5,ICICIBANK-NSE-2016-06-01-to-2016-06-05-5minute
2016-06-01T14:10:00+0530,220.18,2016-06-01T14:10:00+0530,220.5,219.95,220.09,181558,42.993,33.282,45.985,18.439,-0.076,-0.085,0.018,220.262,220.991,219.532,0.504,ICICIBANK-NSE-2016-06-01-to-2016-06-05-5minute
2016-06-01T14:15:00+0530,219.77,2016-06-01T14:15:00+0530,220.18,219.45,220.18,165215,38.875,31.545,40.815,18.665,-0.116,-0.091,-0.049,220.259,220.996,219.522,0.52,ICICIBANK-NSE-2016-06-01-to-2016-06-05-5minute
2016-06-01T14:20:00+0530,220.59,2016-06-01T14:20:00+0530,220.73,219.59,219.77,187237,42.621,50.717,52.353,18.181,-0.08,-0.089,0.017,220.302,221.008,219.596,0.565,ICICIBANK-NSE-2016-06-01-to-2016-06-05-5minute
2016-06-01T14:25:00+0530,220.32,2016-06-01T14:25:00+0530,220.73,219.91,220.59,91579,47.102,56.468,48.968,17.271,-0.073,-0.086,0.025,220.334,220.977,219.691,0.583,ICICIBANK-NSE-2016-06-01-to-2016-06-05-5minute
2016-06-01T14:30:00+0530,218.64,2016-06-01T14:30:00+0530,220.5,218.64,220.23,325968,43.86,37.645,34.165,17.787,-0.2,-0.109,-0.183,220.273,221.25,219.296,0.675,ICICIBANK-NSE-2016-06-01-to-2016-06-05-5minute
2016-06-01T14:35:00+0530,219.14,2016-06-01T14:35:00+0530,219.32,218.55,218.64,290441,40.553,34.118,39.981,19.246,-0.258,-0.138,-0.238,220.233,221.326,219.139,0.682,ICICIBANK-NSE-2016-06-01-to-2016-06-05-5minute
2016-06-01T14:40:00+0530,218.91,2016-06-01T14:40:00+0530,219.23,218.64,219.14,108580,36.412,28.899,38.304,21.244,-0.318,-0.174,-0.287,220.171,221.415,218.927,0.675,ICICIBANK-NSE-2016-06-01-to-2016-06-05-5minute
2016-06-01T14:45:00+0530,219.36,2016-06-01T14:45:00+0530,219.45,218.91,218.91,154430,34.655,49.266,43.312,22.919,-0.326,-0.205,-0.242,220.13,221.425,218.835,0.666,ICICIBANK-NSE-2016-06-01-to-2016-06-05-5minute
2016-06-01T14:50:00+0530,219.32,2016-06-01T14:50:00+0530,219.45,219.09,219.27,118780,34.41,60.828,42.978,24.332,-0.331,-0.23,-0.203,220.069,221.396,218.741,0.644,ICICIBANK-NSE-2016-06-01-to-2016-06-05-5minute
2016-06-01T14:55:00+0530,219.0,2016-06-01T14:55:00+0530,219.41,218.73,219.32,117312,36.034,53.052,40.301,25.992,-0.357,-0.255,-0.204,219.989,221.374,218.604,0.646,ICICIBANK-NSE-2016-06-01-to-2016-06-05-5minute
2016-06-01T15:00:00+0530,217.91,2016-06-01T15:00:00+0530,219.0,217.59,218.95,409187,34.663,41.103,32.806,28.545,-0.46,-0.296,-0.328,219.846,221.463,218.229,0.701,ICICIBANK-NSE-2016-06-01-to-2016-06-05-5minute
2016-06-01T15:05:00+0530,218.18,2016-06-01T15:05:00+0530,218.32,217.45,217.82,389568,34.258,39.817,35.982,31.626,-0.514,-0.34,-0.348,219.744,221.511,217.976,0.713,ICICIBANK-NSE-2016-06-01-to-2016-06-05-5minute
2016-06-01T15:10:00+0530,218.18,2016-06-01T15:10:00+0530,218.59,218.0,218.18,550560,34.327,42.243,35.982,34.261,-0.551,-0.382,-0.337,219.646,221.534,217.757,0.704,ICICIBANK-NSE-2016-06-01-to-2016-06-05-5minute
2016-06-01T15:15:00+0530,218.32,2016-06-01T15:15:00+0530,218.5,218.05,218.18,526115,35.476,53.601,37.751,36.522,-0.562,-0.418,-0.287,219.519,221.404,217.633,0.686,ICICIBANK-NSE-2016-06-01-to-2016-06-05-5minute
2016-06-01T15:20:00+0530,218.18,2016-06-01T15:20:00+0530,218.41,218.09,218.32,504545,37.278,45.903,36.66,38.47,-0.575,-0.449,-0.251,219.391,221.277,217.505,0.66,ICICIBANK-NSE-2016-06-01-to-2016-06-05-5minute
2016-06-01T15:25:00+0530,218.55,2016-06-01T15:25:00+0530,218.77,218.18,218.18,527009,43.196,53.75,41.475,39.159,-0.55,-0.469,-0.16,219.28,221.084,217.476,0.655,ICICIBANK-NSE-2016-06-01-to-2016-06-05-5minute
2016-06-02T09:15:00+0530,216.55,2016-06-02T09:15:00+0530,217.73,216.5,217.45,390968,41.271,36.568,28.752,40.392,-0.682,-0.512,-0.341,219.094,221.208,216.98,0.755,ICICIBANK-NSE-2016-06-01-to-2016-06-05-5minute
2016-06-02T09:20:00+0530,217.14,2016-06-02T09:20:00+0530,217.18,216.14,216.45,432253,40.055,37.053,35.079,42.07,-0.732,-0.556,-0.352,218.944,221.169,216.719,0.775,ICICIBANK-NSE-2016-06-01-to-2016-06-05-5minute
2016-06-02T09:25:00+0530,217.27,2016-06-02T09:25:00+0530,217.27,216.91,217.05,117561,39.838,48.392,36.419,43.786,-0.752,-0.595,-0.313,218.78,220.99,216.57,0.746,ICICIBANK-NSE-2016-06-01-to-2016-06-05-5minute
2016-06-02T09:30:00+0530,217.86,2016-06-02T09:30:00+0530,218.0,217.14,217.23,145621,42.581,63.085,42.244,44.185,-0.712,-0.619,-0.187,218.669,220.824,216.513,0.754,ICICIBANK-NSE-2016-06-01-to-2016-06-05-5minute
2016-06-02T09:35:00+0530,217.59,2016-06-02T09:35:00+0530,217.95,217.18,217.95,141983,47.731,62.852,40.419,43.748,-0.694,-0.634,-0.121,218.539,220.622,216.456,0.755,ICICIBANK-NSE-2016-06-01-to-2016-06-05-5minute
2016-06-02T09:40:00+0530,217.27,2016-06-02T09:40:00+0530,218.0,217.18,217.55,147222,51.467,46.94,38.307,42.715,-0.698,-0.646,-0.103,218.414,220.486,216.342,0.76,ICICIBANK-NSE-2016-06-01-to-2016-06-05-5minute
2016-06-02T09:45:00+0530,217.55,2016-06-02T09:45:00+0530,217.91,216.95,217.27,208434,53.933,50.341,41.202,41.61,-0.67,-0.651,-0.038,218.262,220.094,216.43,0.774,ICICIBANK-NSE-2016-06-01-to-2016-06-05-5minute
2016-06-02T09:50:00+0530,217.68,2016-06-02T09:50:00+0530,217.91,217.41,217.55,103494,56.761,56.735,42.55,40.501,-0.631,-0.647,0.033,218.13,219.7,216.56,0.754,ICICIBANK-NSE-2016-06-01-to-2016-06-05-5minute
2016-06-02T09:55:00+0530,217.5,2016-06-02T09:55:00+0530,217.77,217.5,217.55,99850,57.531,56.921,41.144,39.428,-0.607,-0.639,0.064,218.073,219.647,216.499,0.72,ICICIBANK-NSE-2016-06-01-to-2016-06-05-5minute
2016-06-02T10:00:00+0530,217.91,2016-06-02T10:00:00+0530,217.91,217.41,217.55,86955,61.64,71.281,45.559,38.035,-0.549,-0.621,0.145,218.012,219.504,216.519,0.704,ICICIBANK-NSE-2016-06-01-to-2016-06-05-5minute
2016-06-02T10:05:00+0530,218.32,2016-06-02T10:05:00+0530,218.55,217.86,217.91,331851,66.131,74.129,49.628,36.406,-0.464,-0.59,0.251,217.982,219.423,216.541,0.703,ICICIBANK-NSE-2016-06-01-to-2016-06-05-5minute
2016-06-02T10:10:00+0530,218.82,2016-06-02T10:10:00+0530,219.27,218.27,218.36,319828,69.202,74.688,54.13,35.523,-0.353,-0.542,0.379,217.955,219.304,216.606,0.724,ICICIBANK-NSE-2016-06-01-to-2016-06-05-5minute
2016-06-02T10:15:00+0530,218.73,2016-06-02T10:15:00+0530,218.86,218.36,218.86,149202,70.763,70.359,53.208,35.139,-0.269,-0.488,0.438,217.926,219.171,216.68,0.708,ICICIBANK-NSE-2016-06-01-to-2016-06-05-5minute
2016-06-02T10:20:00+0530,219.18,2016-06-02T10:20:00+0530,219.91,218.68,218.73,145486,71.461,65.402,57.139,35.835,-0.164,-0.423,0.518,217.935,219.215,216.654,0.745,ICICIBANK-NSE-2016-06-01-to-2016-06-05-5minute
2016-06-02T10:25:00+0530,219.18,2016-06-02T10:25:00+0530,219.55,219.0,219.18,124886,70.986,61.236,57.139,37.18,-0.08,-0.354,0.549,217.998,219.394,216.602,0.732,ICICIBANK-NSE-2016-06-01-to-2016-06-05-5minute
2016-06-02T10:30:00+0530,219.05,2016-06-02T10:30:00+0530,219.59,218.95,219.23,139898,68.172,50.851,55.575,38.758,-0.024,-0.288,0.529,218.042,219.513,216.57,0.725,ICICIBANK-NSE-2016-06-01-to-2016-06-05-5minute
2016-06-02T10:35:00+0530,219.36,2016-06-02T10:35:00+0530,219.41,218.91,219.0,88674,66.515,55.959,58.493,40.313,0.046,-0.221,0.534,218.101,219.686,216.515,0.709,ICICIBANK-NSE-2016-06-01-to-2016-06-05-5minute
2016-06-02T10:40:00+0530,219.64,2016-06-02T10:40:00+0530,219.86,219.36,219.36,111622,67.06,62.92,60.986,42.129,0.121,-0.153,0.549,218.167,219.894,216.439,0.694,ICICIBANK-NSE-2016-06-01-to-2016-06-05-5minute
2016-06-02T10:45:00+0530,219.32,2016-06-02T10:45:00+0530,219.68,219.09,219.64,105733,64.646,56.333,56.788,43.317,0.154,-0.091,0.491,218.224,220.026,216.421,0.687,ICICIBANK-NSE-2016-06-01-to-2016-06-05-5minute
2016-06-02T10:50:00+0530,218.59,2016-06-02T10:50:00+0530,219.32,218.27,219.32,135850,58.627,44.264,48.575,42.515,0.12,-0.049,0.338,218.226,220.03,216.421,0.712,ICICIBANK-NSE-2016-06-01-to-2016-06-05-5minute
2016-06-02T10:55:00+0530,218.82,2016-06-02T10:55:00+0530,219.05,218.55,218.59,92007,53.281,42.512,50.981,40.497,0.11,-0.017,0.254,218.339,219.978,216.7,0.697,ICICIBANK-NSE-2016-06-01-to-2016-06-05-5minute
2016-06-02T11:00:00+0530,219.05,2016-06-02T11:00:00+0530,219.09,218.82,218.82,46888,50.436,53.103,53.332,37.862,0.119,0.01,0.218,218.434,220.0,216.869,0.667,ICICIBANK-NSE-2016-06-01-to-2016-06-05-5minute
2016-06-02T11:05:00+0530,219.27,2016-06-02T11:05:00+0530,219.27,218.73,219.05,84200,51.447,68.735,55.529,35.253,0.142,0.036,0.212,218.535,220.041,217.028,0.658,ICICIBANK-NSE-2016-06-01-to-2016-06-05-5minute
2016-06-02T11:10:00+0530,219.18,2016-06-02T11:10:00+0530,219.55,219.0,219.27,82552,54.08,64.116,54.4,33.2,0.152,0.06,0.185,218.601,220.098,217.103,0.65,ICICIBANK-NSE-2016-06-01-to-2016-06-05-5minute
2016-06-02T11:15:00+0530,219.32,2016-06-02T11:15:00+0530,219.64,219.0,219.18,92478,57.09,64.356,55.901,31.705,0.169,0.081,0.175,218.687,220.138,217.236,0.649,ICICIBANK-NSE-2016-06-01-to-2016-06-05-5minute
2016-06-02T11:20:00+0530,218.82,2016-06-02T11:20:00+0530,219.32,218.82,219.18,69619,53.184,42.904,49.619,30.145,0.14,0.093,0.094,218.764,220.054,217.475,0.639,ICICIBANK-NSE-2016-06-01-to-2016-06-05-5minute
2016-06-02T11:25:00+0530,218.91,2016-06-02T11:25:00+0530,218.95,218.55,218.82,123071,49.208,39.612,50.693,28.201,0.124,0.099,0.049,218.832,219.988,217.677,0.622,ICICIBANK-NSE-2016-06-01-to-2016-06-05-5minute
2016-06-02T11:30:00+0530,218.77,2016-06-02T11:30:00+0530,219.09,218.55,218.91,115881,44.216,35.932,48.945,26.176,0.098,0.099,-0.002,218.887,219.909,217.865,0.616,ICICIBANK-NSE-2016-06-01-to-2016-06-05-5minute
2016-06-02T11:35:00+0530,218.77,2016-06-02T11:35:00+0530,219.09,218.73,218.82,74635,39.327,37.535,48.945,24.171,0.077,0.095,-0.036,218.95,219.742,218.159,0.597,ICICIBANK-NSE-2016-06-01-to-2016-06-05-5minute
2016-06-02T11:40:00+0530,218.91,2016-06-02T11:40:00+0530,219.0,218.64,218.77,110519,37.979,47.245,50.908,22.108,0.07,0.09,-0.039,219.001,219.623,218.378,0.58,ICICIBANK-NSE-2016-06-01-to-2016-06-05-5minute
2016-06-02T11:45:00+0530,219.09,2016-06-02T11:45:00+0530,219.32,218.77,218.86,167999,40.953,53.556,53.39,20.749,0.079,0.088,-0.017,219.039,219.573,218.505,0.578,ICICIBANK-NSE-2016-06-01-to-2016-06-05-5minute
2016-06-02T11:50:00+0530,218.59,2016-06-02T11:50:00+0530,219.05,218.41,219.0,94228,39.922,42.297,46.377,19.37,0.045,0.079,-0.068,219.028,219.591,218.464,0.586,ICICIBANK-NSE-2016-06-01-to-2016-06-05-5minute
2016-06-02T11:55:00+0530,218.64,2016-06-02T11:55:00+0530,218.77,218.55,218.73,113861,37.836,36.623,47.125,18.026,0.022,0.067,-0.092,219.023,219.598,218.448,0.559,ICICIBANK-NSE-2016-06-01-to-2016-06-05-5minute
2016-06-02T12:00:00+0530,218.73,2016-06-02T12:00:00+0530,218.91,218.45,218.64,142665,36.612,41.082,48.517,16.714,0.01,0.056,-0.091,219.001,219.585,218.416,0.552,ICICIBANK-NSE-2016-06-01-to-2016-06-05-5minute
2016-06-02T12:05:00+0530,218.77,2016-06-02T12:05:00+0530,219.05,218.59,218.73,155160,36.396,45.166,49.158,15.824,0.005,0.046,-0.082,218.98,219.566,218.394,0.546,ICICIBANK-NSE-2016-06-01-to-2016-06-05-5minute
2016-06-02T12:10:00+0530,218.55,2016-06-02T12:10:00+0530,218.82,218.23,218.77,231064,36.592,43.119,45.783,15.144,-0.018,0.033,-0.101,218.955,219.571,218.339,0.549,ICICIBANK-NSE-2016-06-01-to-2016-06-05-5minute
2016-06-02T12:15:00+0530,218.64,2016-06-02T12:15:00+0530,219.09,218.55,218.59,108280,37.91,44.637,47.374,14.418,-0.027,0.021,-0.097,218.919,219.519,218.319,0.548,ICICIBANK-NSE-2016-06-01-to-2016-06-05-5minute
2016-06-02T12:20:00+0530,218.27,2016-06-02T12:20:00+0530,218.82,218.27,218.55,119215,34.801,31.309,41.925,13.854,-0.064,0.004,-0.137,218.851,219.416,218.285,0.548,ICICIBANK-NSE-2016-06-01-to-2016-06-05-5minute
2016-06-02T12:25:00+0530,217.64,2016-06-02T12:25:00+0530,218.55,217.55,218.32,226514,30.201,22.82,34.623,14.468,-0.143,-0.025,-0.235,218.767,219.509,218.024,0.581,ICICIBANK-NSE-2016-06-01-to-2016-06-05-5minute
2016-06-02T12:30:00+0530,218.09,2016-06-02T12:30:00+0530,218.36,217.59,217.59,133796,28.698,29.387,42.347,15.797,-0.167,-0.054,-0.226,218.742,219.541,217.942,0.594,ICICIBANK-NSE-2016-06-01-to-2016-06-05-5minute
2016-06-02T12:35:00+0530,218.36,2016-06-02T12:35:00+0530,218.55,217.73,218.09,142834,30.685,46.591,46.437,16.997,-0.162,-0.075,-0.174,218.719,219.535,217.902,0.61,ICICIBANK-NSE-2016-06-01-to-2016-06-05-5minute
2016-06-02T12:40:00+0530,218.55,2016-06-02T12:40:00+0530,218.55,218.14,218.32,140005,36.907,64.394,49.169,18.073,-0.142,-0.089,-0.106,218.694,219.497,217.89,0.596,ICICIBANK-NSE-2016-06-01-to-2016-06-05-5minute
2016-06-02T12:45:00+0530,219.0,2016-06-02T12:45:00+0530,219.09,218.55,218.55,188710,46.034,74.057,55.021,18.448,-0.088,-0.089,0.001,218.68,219.452,217.908,0.592,ICICIBANK-NSE-2016-06-01-to-2016-06-05-5minute
2016-06-02T12:50:00+0530,218.27,2016-06-02T12:50:00+0530,219.5,218.09,218.95,504973,48.931,53.627,45.808,18.531,-0.103,-0.091,-0.023,218.635,219.389,217.88,0.65,ICICIBANK-NSE-2016-06-01-to-2016-06-05-5minute
2016-06-02T12:55:00+0530,218.23,2016-06-02T12:55:00+0530,218.64,218.05,218.27,269827,47.921,39.889,45.359,18.496,-0.117,-0.097,-0.041,218.58,219.282,217.878,0.646,ICICIBANK-NSE-2016-06-01-to-2016-06-05-5minute
2016-06-02T13:00:00+0530,218.18,2016-06-02T13:00:00+0530,219.05,218.09,218.27,428277,43.143,29.581,44.77,18.078,-0.131,-0.103,-0.054,218.548,219.262,217.834,0.669,ICICIBANK-NSE-2016-06-01-to-2016-06-05-5minute
2016-06-02T13:05:00+0530,218.18,2016-06-02T13:05:00+0530,218.32,218.14,218.23,178989,37.222,24.054,44.77,17.436,-0.14,-0.111,-0.058,218.512,219.222,217.801,0.634,ICICIBANK-NSE-2016-06-01-to-2016-06-05-5minute
2016-06-02T13:10:00+0530,218.68,2016-06-02T13:10:00+0530,218.95,218.14,218.18,215353,35.283,36.522,52.006,17.644,-0.105,-0.11,0.008,218.507,219.212,217.802,0.646,ICICIBANK-NSE-2016-06-01-to-2016-06-05-5minute
2016-06-02T13:15:00+0530,218.23,2016-06-02T13:15:00+0530,218.73,218.14,218.68,154264,32.5,28.052,46.146,18.376,-0.113,-0.11,-0.006,218.48,219.184,217.776,0.642,ICICIBANK-NSE-2016-06-01-to-2016-06-05-5minute
2016-06-02T13:20:00+0530,218.36,2016-06-02T13:20:00+0530,218.55,218.14,218.23,147236,30.778,27.755,47.97,19.41,-0.108,-0.11,0.004,218.453,219.128,217.777,0.626,ICICIBANK-NSE-2016-06-01-to-2016-06-05-5minute
2016-06-02T13:25:00+0530,218.41,2016-06-02T13:25:00+0530,218.55,218.27,218.36,119128,30.296,33.757,48.69,20.596,-0.098,-0.107,0.019,218.419,219.024,217.813,0.601,ICICIBANK-NSE-2016-06-01-to-2016-06-05-5minute
2016-06-02T13:30:00+0530,218.18,2016-06-02T13:30:00+0530,218.41,218.09,218.41,105792,27.878,29.027,45.567,21.213,-0.108,-0.107,-0.001,218.398,219.006,217.79,0.581,ICICIBANK-NSE-2016-06-01-to-2016-06-05-5minute
2016-06-02T13:35:00+0530,218.32,2016-06-02T13:35:00+0530,218.36,218.09,218.18,104826,27.699,36.018,47.763,21.454,-0.103,-0.107,0.007,218.382,218.98,217.784,0.559,ICICIBANK-NSE-2016-06-01-to-2016-06-05-5minute
2016-06-02T13:40:00+0530,218.32,2016-06-02T13:40:00+0530,218.36,218.14,218.27,108559,30.098,47.97,47.763,21.45,-0.098,-0.105,0.014,218.362,218.937,217.786,0.534,ICICIBANK-NSE-2016-06-01-to-2016-06-05-5minute
2016-06-02T13:45:00+0530,218.18,2016-06-02T13:45:00+0530,218.36,218.14,218.32,120515,29.993,43.091,45.628,21.294,-0.104,-0.105,0.001,218.332,218.879,217.785,0.512,ICICIBANK-NSE-2016-06-01-to-2016-06-05-5minute
2016-06-02T13:50:00+0530,218.23,2016-06-02T13:50:00+0530,218.5,218.14,218.18,128548,30.408,37.061,46.547,21.496,-0.104,-0.105,0.001,218.316,218.855,217.777,0.501,ICICIBANK-NSE-2016-06-01-to-2016-06-05-5minute
2016-06-02T13:55:00+0530,218.64,2016-06-02T13:55:00+0530,218.73,218.14,218.23,141889,36.763,52.956,53.489,22.473,-0.07,-0.098,0.056,218.316,218.855,217.777,0.508,ICICIBANK-NSE-2016-06-01-to-2016-06-05-5minute
2016-06-02T14:00:00+0530,218.32,2016-06-02T14:00:00+0530,218.73,218.14,218.64,180446,38.892,45.473,48.225,23.899,-0.068,-0.092,0.048,218.318,218.857,217.78,0.513,ICICIBANK-NSE-2016-06-01-to-2016-06-05-5minute
2016-06-02T14:05:00+0530,218.77,2016-06-02T14:05:00+0530,219.18,218.45,218.5,349928,42.248,50.508,54.941,26.273,-0.03,-0.079,0.099,218.375,218.847,217.903,0.538,ICICIBANK-NSE-2016-06-01-to-2016-06-05-5minute
2016-06-02T14:10:00+0530,219.09,2016-06-02T14:10:00+0530,219.27,218.77,218.77,344947,48.386,61.696,59.012,29.25,0.026,-0.058,0.169,218.425,218.975,217.875,0.535,ICICIBANK-NSE-2016-06-01-to-2016-06-05-5minute
2016-06-02T14:15:00+0530,218.64,2016-06-02T14:15:00+0530,219.09,218.55,219.09,200082,50.655,48.854,51.909,31.414,0.034,-0.04,0.147,218.439,218.997,217.881,0.536,ICICIBANK-NSE-2016-06-01-to-2016-06-05-5minute
2016-06-02T14:20:00+0530,218.91,2016-06-02T14:20:00+0530,219.09,218.41,218.64,231107,53.606,51.949,55.38,32.418,0.061,-0.02,0.161,218.457,219.052,217.862,0.546,ICICIBANK-NSE-2016-06-01-to-2016-06-05-5minute
2016-06-02T14:25:00+0530,218.73,2016-06-02T14:25:00+0530,219.09,218.73,218.91,210948,53.096,50.319,52.652,32.66,0.067,-0.002,0.139,218.444,218.997,217.89,0.533,ICICIBANK-NSE-2016-06-01-to-2016-06-05-5minute
2016-06-02T14:30:00+0530,218.86,2016-06-02T14:30:00+0530,219.23,218.59,218.73,388982,52.783,51.839,54.399,32.417,0.081,0.014,0.134,218.473,219.05,217.896,0.54,ICICIBANK-NSE-2016-06-01-to-2016-06-05-5minute
2016-06-02T14:35:00+0530,220.05,2016-06-02T14:35:00+0530,220.18,218.86,218.86,471672,57.075,65.167,66.562,33.418,0.187,0.049,0.276,218.564,219.464,217.664,0.596,ICICIBANK-NSE-2016-06-01-to-2016-06-05-5minute
2016-06-02T14:40:00+0530,220.18,2016-06-02T14:40:00+0530,220.27,219.45,220.0,387217,63.214,74.992,67.579,35.233,0.277,0.095,0.366,218.664,219.798,217.53,0.612,ICICIBANK-NSE-2016-06-01-to-2016-06-05-5minute
2016-06-02T14:45:00+0530,219.73,2016-06-02T14:45:00+0530,220.23,219.59,220.18,299565,66.458,70.562,60.695,37.49,0.31,0.138,0.344,218.741,219.946,217.537,0.614,ICICIBANK-NSE-2016-06-01-to-2016-06-05-5minute
2016-06-02T14:50:00+0530,219.68,2016-06-02T14:50:00+0530,220.09,219.45,219.77,237510,67.725,56.391,59.964,39.319,0.327,0.176,0.303,218.791,220.066,217.517,0.616,ICICIBANK-NSE-2016-06-01-to-2016-06-05-5minute
2016-06-02T14:55:00+0530,219.82,2016-06-02T14:55:00+0530,219.95,219.64,219.68,208780,68.328,53.406,61.367,40.815,0.348,0.21,0.277,218.871,220.196,217.546,0.594,ICICIBANK-NSE-2016-06-01-to-2016-06-05-5minute
2016-06-02T15:00:00+0530,219.82,2016-06-02T15:00:00+0530,219.91,219.45,219.82,280675,66.018,54.875,61.367,41.199,0.361,0.24,0.241,218.944,220.31,217.578,0.585,ICICIBANK-NSE-2016-06-01-to-2016-06-05-5minute
2016-06-02T15:05:00+0530,219.68,2016-06-02T15:05:00+0530,219.91,219.36,219.77,672912,61.742,54.662,58.971,40.515,0.356,0.263,0.185,219.008,220.387,217.628,0.582,ICICIBANK-NSE-2016-06-01-to-2016-06-05-5minute
2016-06-02T15:10:00+0530,219.36,2016-06-02T15:10:00+0530,219.77,219.32,219.64,510677,53.559,38.701,53.799,39.026,0.322,0.275,0.094,219.066,220.397,217.736,0.573,ICICIBANK-NSE-2016-06-01-to-2016-06-05-5minute
2016-06-02T15:15:00+0530,218.95,2016-06-02T15:15:00+0530,219.5,218.82,219.32,511145,45.249,29.776,47.992,37.753,0.259,0.272,-0.026,219.098,220.383,217.813,0.58,ICICIBANK-NSE-2016-06-01-to-2016-06-05-5minute
2016-06-02T15:20:00+0530,218.86,2016-06-02T15:20:00+0530,219.09,218.77,218.95,384691,37.406,22.851,46.798,36.76,0.2,0.257,-0.116,219.125,220.363,217.887,0.562,ICICIBANK-NSE-2016-06-01-to-2016-06-05-5minute
2016-06-02T15:25:00+0530,219.05,2016-06-02T15:25:00+0530,219.14,218.86,218.86,346789,32.492,28.019,49.646,35.77,0.166,0.239,-0.146,219.168,220.326,218.011,0.542,ICICIBANK-NSE-2016-06-01-to-2016-06-05-5minute
2016-06-03T09:15:00+0530,221.0,2016-06-03T09:15:00+0530,221.14,220.0,220.64,525216,37.153,50.044,68.366,35.963,0.293,0.25,0.087,219.307,220.641,217.973,0.652,ICICIBANK-NSE-2016-06-01-to-2016-06-05-5minute
2016-06-03T09:20:00+0530,220.73,2016-06-03T09:20:00+0530,221.23,220.55,221.05,339261,43.949,59.664,64.775,36.938,0.368,0.274,0.189,219.411,220.849,217.974,0.654,ICICIBANK-NSE-2016-06-01-to-2016-06-05-5minute
2016-06-03T09:25:00+0530,221.05,2016-06-03T09:25:00+0530,221.09,220.45,220.82,258923,52.385,68.231,66.988,38.131,0.448,0.308,0.279,219.548,221.065,218.031,0.653,ICICIBANK-NSE-2016-06-01-to-2016-06-05-5minute
2016-06-03T09:30:00+0530,221.59,2016-06-03T09:30:00+0530,221.73,220.95,221.0,340676,60.882,75.175,70.371,39.809,0.549,0.357,0.384,219.689,221.412,217.966,0.662,ICICIBANK-NSE-2016-06-01-to-2016-06-05-5minute
2016-06-03T09:35:00+0530,222.73,2016-06-03T09:35:00+0530,222.73,221.59,221.59,339471,69.005,83.45,75.97,42.108,0.712,0.428,0.569,219.871,222.039,217.703,0.696,ICICIBANK-NSE-2016-06-01-to-2016-06-05-5minute
2016-06-03T09:40:00+0530,223.09,2016-06-03T09:40:00+0530,223.55,222.27,222.59,656140,74.411,83.069,77.421,44.911,0.861,0.514,0.693,220.093,222.614,217.573,0.738,ICICIBANK-NSE-2016-06-01-to-2016-06-05-5minute
2016-06-03T09:45:00+0530,223.14,2016-06-03T09:45:00+0530,223.18,222.73,223.09,222921,78.187,81.74,77.623,47.929,0.972,0.606,0.732,220.305,223.102,217.508,0.717,ICICIBANK-NSE-2016-06-01-to-2016-06-05-5minute
2016-06-03T09:50:00+0530,222.45,2016-06-03T09:50:00+0530,223.14,222.41,223.14,274109,77.588,59.181,68.51,50.315,0.992,0.683,0.618,220.491,223.342,217.64,0.718,ICICIBANK-NSE-2016-06-01-to-2016-06-05-5minute
2016-06-03T09:55:00+0530,222.59,2016-06-03T09:55:00+0530,222.86,222.27,222.5,188585,74.37,51.175,69.298,51.936,1.008,0.748,0.52,220.677,223.567,217.788,0.709,ICICIBANK-NSE-2016-06-01-to-2016-06-05-5minute
2016-06-03T10:00:00+0530,222.68,2016-06-03T10:00:00+0530,222.77,222.55,222.59,191175,68.235,49.826,69.82,53.022,1.017,0.802,0.429,220.809,223.815,217.803,0.674,ICICIBANK-NSE-2016-06-01-to-2016-06-05-5minute
2016-06-03T10:05:00+0530,222.05,2016-06-03T10:05:00+0530,222.68,222.0,222.68,156270,58.398,35.155,61.88,52.61,0.961,0.834,0.255,220.902,223.942,217.863,0.675,ICICIBANK-NSE-2016-06-01-to-2016-06-05-5minute
2016-06-03T10:10:00+0530,222.5,2016-06-03T10:10:00+0530,222.55,221.95,222.0,141070,52.672,45.795,64.947,51.186,0.943,0.856,0.174,221.041,224.108,217.974,0.669,ICICIBANK-NSE-2016-06-01-to-2016-06-05-5minute
2016-06-03T10:15:00+0530,222.14,2016-06-03T10:15:00+0530,222.55,221.91,222.55,153410,46.965,40.486,60.737,49.098,0.889,0.862,0.053,221.164,224.198,218.13,0.667,ICICIBANK-NSE-2016-06-01-to-2016-06-05-5minute
2016-06-03T10:20:00+0530,222.32,2016-06-03T10:20:00+0530,222.36,222.0,222.14,125165,44.508,48.345,62.061,46.67,0.851,0.86,-0.018,221.289,224.296,218.282,0.645,ICICIBANK-NSE-2016-06-01-to-2016-06-05-5minute
2016-06-03T10:25:00+0530,222.68,2016-06-03T10:25:00+0530,222.82,222.27,222.36,346943,47.872,60.435,64.63,44.779,0.84,0.856,-0.032,221.432,224.417,218.447,0.638,ICICIBANK-NSE-2016-06-01-to-2016-06-05-5minute
2016-06-03T10:30:00+0530,222.73,2016-06-03T10:30:00+0530,222.73,222.55,222.68,158828,54.06,69.965,64.985,43.291,0.826,0.85,-0.048,221.584,224.503,218.666,0.606,ICICIBANK-NSE-2016-06-01-to-2016-06-05-5minute
2016-06-03T10:35:00+0530,222.18,2016-06-03T10:35:00+0530,222.73,222.14,222.73,92376,54.1,48.604,58.086,41.082,0.762,0.832,-0.141,221.726,224.458,218.993,0.605,ICICIBANK-NSE-2016-06-01-to-2016-06-05-5minute
2016-06-03T10:40:00+0530,222.32,2016-06-03T10:40:00+0530,222.45,222.18,222.18,54286,52.443,42.572,59.271,38.501,0.714,0.809,-0.189,221.894,224.303,219.485,0.581,ICICIBANK-NSE-2016-06-01-to-2016-06-05-5minute
2016-06-03T10:45:00+0530,222.23,2016-06-03T10:45:00+0530,222.55,222.05,222.32,97802,48.477,37.205,58.133,35.56,0.661,0.779,-0.236,222.062,224.004,220.121,0.575,ICICIBANK-NSE-2016-06-01-to-2016-06-05-5minute
2016-06-03T10:50:00+0530,222.05,2016-06-03T10:50:00+0530,222.23,221.86,222.23,281663,43.755,33.982,55.824,32.926,0.598,0.743,-0.29,222.212,223.54,220.885,0.56,ICICIBANK-NSE-2016-06-01-to-2016-06-05-5minute
2016-06-03T10:55:00+0530,221.91,2016-06-03T10:55:00+0530,222.14,221.91,222.05,191571,37.433,25.07,54.027,30.578,0.53,0.7,-0.34,222.258,223.468,221.048,0.537,ICICIBANK-NSE-2016-06-01-to-2016-06-05-5minute
2016-06-03T11:00:00+0530,222.73,2016-06-03T11:00:00+0530,222.77,221.91,221.91,463264,41.086,48.582,61.787,28.954,0.537,0.668,-0.262,222.358,223.347,221.369,0.56,ICICIBANK-NSE-2016-06-01-to-2016-06-05-5minute
2016-06-03T11:05:00+0530,222.41,2016-06-03T11:05:00+0530,222.73,222.14,222.64,290256,44.861,51.768,57.694,27.841,0.51,0.636,-0.252,222.426,223.199,221.653,0.562,ICICIBANK-NSE-2016-06-01-to-2016-06-05-5minute
2016-06-03T11:10:00+0530,221.95,2016-06-03T11:10:00+0530,222.41,221.91,222.41,172733,42.653,36.062,52.328,26.434,0.447,0.598,-0.303,222.444,223.149,221.739,0.558,ICICIBANK-NSE-2016-06-01-to-2016-06-05-5minute
2016-06-03T11:15:00+0530,222.18,2016-06-03T11:15:00+0530,222.18,221.36,221.95,213788,43.394,43.993,54.602,25.429,0.41,0.561,-0.301,222.416,223.118,221.715,0.576,ICICIBANK-NSE-2016-06-01-to-2016-06-05-5minute
2016-06-03T11:20:00+0530,222.59,2016-06-03T11:20:00+0530,222.64,222.09,222.14,134420,48.594,61.36,58.41,24.023,0.41,0.531,-0.241,222.392,223.024,221.759,0.574,ICICIBANK-NSE-2016-06-01-to-2016-06-05-5minute
2016-06-03T11:25:00+0530,222.64,2016-06-03T11:25:00+0530,222.73,222.45,222.55,216272,55.887,72.05,58.863,22.576,0.409,0.506,-0.195,222.366,222.907,221.826,0.553,ICICIBANK-NSE-2016-06-01-to-2016-06-05-5minute
2016-06-03T11:30:00+0530,222.82,2016-06-03T11:30:00+0530,222.91,222.59,222.64,354585,63.385,77.708,60.53,21.474,0.418,0.488,-0.142,222.385,222.962,221.808,0.537,ICICIBANK-NSE-2016-06-01-to-2016-06-05-5minute
2016-06-03T11:35:00+0530,222.77,2016-06-03T11:35:00+0530,222.91,222.73,222.82,85136,69.782,74.994,59.805,20.627,0.416,0.474,-0.116,222.394,222.99,221.798,0.511,ICICIBANK-NSE-2016-06-01-to-2016-06-05-5minute
2016-06-03T11:40:00+0530,223.14,2016-06-03T11:40:00+0530,223.14,222.68,222.77,153994,75.983,83.329,63.308,20.389,0.439,0.467,-0.055,222.417,223.09,221.744,0.508,ICICIBANK-NSE-2016-06-01-to-2016-06-05-5minute
2016-06-03T11:45:00+0530,223.55,2016-06-03T11:45:00+0530,224.0,223.09,223.14,564212,78.181,77.523,66.764,21.504,0.485,0.471,0.029,222.492,223.311,221.673,0.536,ICICIBANK-NSE-2016-06-01-to-2016-06-05-5minute
2016-06-03T11:50:00+0530,223.36,2016-06-03T11:50:00+0530,223.64,223.18,223.5,152910,76.54,68.853,63.767,23.426,0.501,0.477,0.048,222.535,223.441,221.629,0.531,ICICIBANK-NSE-2016-06-01-to-2016-06-05-5minute
2016-06-03T11:55:00+0530,223.0,2016-06-03T11:55:00+0530,223.45,222.77,223.36,116610,69.999,52.135,58.415,24.703,0.478,0.477,0.003,222.578,223.487,221.669,0.542,ICICIBANK-NSE-2016-06-01-to-2016-06-05-5minute
2016-06-03T12:00:00+0530,223.09,2016-06-03T12:00:00+0530,223.18,222.82,222.91,82064,62.766,47.017,59.334,25.532,0.462,0.474,-0.023,222.616,223.545,221.688,0.529,ICICIBANK-NSE-2016-06-01-to-2016-06-05-5minute
2016-06-03T12:05:00+0530,222.68,2016-06-03T12:05:00+0530,223.09,222.41,223.09,114859,54.464,39.999,53.531,25.145,0.412,0.462,-0.099,222.616,223.545,221.688,0.539,ICICIBANK-NSE-2016-06-01-to-2016-06-05-5minute
2016-06-03T12:10:00+0530,222.55,2016-06-03T12:10:00+0530,223.05,222.5,222.73,73229,45.987,32.726,51.801,24.013,0.358,0.441,-0.167,222.608,223.534,221.681,0.54,ICICIBANK-NSE-2016-06-01-to-2016-06-05-5minute
2016-06-03T12:15:00+0530,222.55,2016-06-03T12:15:00+0530,222.73,222.45,222.55,38996,38.606,28.68,51.801,22.57,0.311,0.415,-0.208,222.626,223.531,221.721,0.522,ICICIBANK-NSE-2016-06-01-to-2016-06-05-5minute
2016-06-03T12:20:00+0530,222.68,2016-06-03T12:20:00+0530,222.77,222.55,222.55,107718,34.932,31.898,53.542,20.878,0.281,0.388,-0.214,222.644,223.538,221.75,0.5,ICICIBANK-NSE-2016-06-01-to-2016-06-05-5minute
2016-06-03T12:25:00+0530,222.86,2016-06-03T12:25:00+0530,223.18,222.59,222.73,147477,35.911,39.987,55.917,19.973,0.269,0.364,-0.191,222.676,223.552,221.799,0.506,ICICIBANK-NSE-2016-06-01-to-2016-06-05-5minute
2016-06-03T12:30:00+0530,222.73,2016-06-03T12:30:00+0530,222.95,222.64,222.73,59161,36.618,36.182,53.779,19.592,0.246,0.341,-0.19,222.71,223.536,221.883,0.492,ICICIBANK-NSE-2016-06-01-to-2016-06-05-5minute
2016-06-03T12:35:00+0530,222.59,2016-06-03T12:35:00+0530,222.82,222.55,222.64,38072,34.994,26.238,51.495,19.243,0.214,0.315,-0.203,222.744,223.482,222.005,0.477,ICICIBANK-NSE-2016-06-01-to-2016-06-05-5minute
2016-06-03T12:40:00+0530,222.64,2016-06-03T12:40:00+0530,222.82,222.55,222.55,79068,31.972,24.992,52.274,18.927,0.19,0.29,-0.2,222.739,223.479,221.999,0.462,ICICIBANK-NSE-2016-06-01-to-2016-06-05-5minute
2016-06-03T12:45:00+0530,222.64,2016-06-03T12:45:00+0530,222.73,222.45,222.73,98249,29.968,33.778,52.274,18.254,0.17,0.266,-0.193,222.751,223.476,222.025,0.449,ICICIBANK-NSE-2016-06-01-to-2016-06-05-5minute
2016-06-03T12:50:00+0530,222.73,2016-06-03T12:50:00+0530,222.86,222.55,222.55,161828,31.97,45.283,53.823,17.797,0.159,0.245,-0.172,222.79,223.41,222.169,0.439,ICICIBANK-NSE-2016-06-01-to-2016-06-05-5minute
2016-06-03T12:55:00+0530,222.86,2016-06-03T12:55:00+0530,223.0,222.55,222.64,156399,37.59,55.037,56.043,17.88,0.159,0.227,-0.137,222.824,223.374,222.273,0.44,ICICIBANK-NSE-2016-06-01-to-2016-06-05-5minute
2016-06-03T13:00:00+0530,222.64,2016-06-03T13:00:00+0530,223.0,222.59,222.86,167124,39.75,43.358,51.529,18.298,0.139,0.21,-0.141,222.826,223.373,222.279,0.438,ICICIBANK-NSE-2016-06-01-to-2016-06-05-5minute
2016-06-03T13:05:00+0530,222.73,2016-06-03T13:05:00+0530,222.73,222.55,222.64,76069,41.95,42.239,53.19,18.691,0.13,0.194,-0.128,222.831,223.372,222.289,0.419,ICICIBANK-NSE-2016-06-01-to-2016-06-05-5minute
2016-06-03T13:10:00+0530,222.73,2016-06-03T13:10:00+0530,222.82,222.55,222.68,122091,42.711,41.493,53.19,19.363,0.121,0.179,-0.117,222.826,223.37,222.282,0.408,ICICIBANK-NSE-2016-06-01-to-2016-06-05-5minute
2016-06-03T13:15:00+0530,222.59,2016-06-03T13:15:00+0530,222.95,222.41,222.68,184686,41.693,38.773,50.093,19.413,0.101,0.164,-0.125,222.817,223.371,222.263,0.418,ICICIBANK-NSE-2016-06-01-to-2016-06-05-5minute
2016-06-03T13:20:00+0530,222.5,2016-06-03T13:20:00+0530,222.82,222.18,222.59,160458,40.944,39.701,48.153,19.359,0.078,0.146,-0.138,222.785,223.334,222.236,0.434,ICICIBANK-NSE-2016-06-01-to-2016-06-05-5minute
2016-06-03T13:25:00+0530,222.64,2016-06-03T13:25:00+0530,222.77,222.36,222.45,137096,42.7,46.381,51.313,19.241,0.069,0.131,-0.123,222.74,223.156,222.323,0.432,ICICIBANK-NSE-2016-06-01-to-2016-06-05-5minute
2016-06-03T13:30:00+0530,222.32,2016-06-03T13:30:00+0530,222.64,222.0,222.55,174296,42.478,43.929,44.619,20.072,0.037,0.112,-0.151,222.688,223.032,222.343,0.447,ICICIBANK-NSE-2016-06-01-to-2016-06-05-5minute
2016-06-03T13:35:00+0530,222.09,2016-06-03T13:35:00+0530,222.45,221.82,222.27,201356,40.315,38.76,40.526,21.786,-0.008,0.088,-0.192,222.642,223.047,222.237,0.46,ICICIBANK-NSE-2016-06-01-to-2016-06-05-5minute
2016-06-03T13:40:00+0530,222.36,2016-06-03T13:40:00+0530,222.45,221.59,222.0,304648,41.83,50.284,46.706,24.307,-0.021,0.066,-0.175,222.605,222.97,222.241,0.489,ICICIBANK-NSE-2016-06-01-to-2016-06-05-5minute
2016-06-03T13:45:00+0530,222.27,2016-06-03T13:45:00+0530,222.41,222.09,222.36,133834,44.258,59.879,45.026,27.244,-0.038,0.045,-0.167,222.585,222.977,222.193,0.477,ICICIBANK-NSE-2016-06-01-to-2016-06-05-5minute
2016-06-03T13:50:00+0530,222.41,2016-06-03T13:50:00+0530,222.68,222.14,222.14,96940,48.779,64.996,48.15,28.998,-0.04,0.028,-0.137,222.578,222.978,222.178,0.481,ICICIBANK-NSE-2016-06-01-to-2016-06-05-5minute
2016-06-03T13:55:00+0530,222.45,2016-06-03T13:55:00+0530,222.59,222.27,222.41,66020,54.135,63.67,49.04,29.951,-0.038,0.015,-0.106,222.573,222.977,222.169,0.47,ICICIBANK-NSE-2016-06-01-to-2016-06-05-5minute
2016-06-03T14:00:00+0530,221.64,2016-06-03T14:00:00+0530,222.45,221.45,222.45,267090,52.216,47.595,35.674,31.661,-0.101,-0.008,-0.185,222.521,223.098,221.944,0.507,ICICIBANK-NSE-2016-06-01-to-2016-06-05-5minute
2016-06-03T14:05:00+0530,221.73,2016-06-03T14:05:00+0530,221.91,221.55,221.64,246272,48.091,39.917,37.706,33.784,-0.141,-0.035,-0.213,222.464,223.118,221.811,0.497,ICICIBANK-NSE-2016-06-01-to-2016-06-05-5minute
2016-06-03T14:10:00+0530,222.27,2016-06-03T14:10:00+0530,222.45,221.68,221.73,176031,48.322,53.945,48.264,34.377,-0.128,-0.053,-0.15,222.442,223.088,221.795,0.516,ICICIBANK-NSE-2016-06-01-to-2016-06-05-5minute
2016-06-03T14:15:00+0530,222.27,2016-06-03T14:15:00+0530,222.36,221.91,222.27,234697,51.048,62.63,48.264,33.994,-0.117,-0.066,-0.101,222.426,223.072,221.779,0.512,ICICIBANK-NSE-2016-06-01-to-2016-06-05-5minute
2016-06-03T14:20:00+0530,222.68,2016-06-03T14:20:00+0530,222.73,222.27,222.27,361548,57.264,73.499,54.983,32.93,-0.074,-0.068,-0.012,222.428,223.077,221.778,0.508,ICICIBANK-NSE-2016-06-01-to-2016-06-05-5minute
2016-06-03T14:25:00+0530,221.77,2016-06-03T14:25:00+0530,222.64,221.73,222.64,207204,55.736,50.333,41.959,31.746,-0.112,-0.077,-0.071,222.384,223.088,221.68,0.54,ICICIBANK-NSE-2016-06-01-to-2016-06-05-5minute
2016-06-03T14:30:00+0530,222.05,2016-06-03T14:30:00+0530,222.23,221.45,221.59,240012,54.072,49.18,46.183,30.928,-0.118,-0.085,-0.066,222.35,223.049,221.651,0.557,ICICIBANK-NSE-2016-06-01-to-2016-06-05-5minute
2016-06-03T14:35:00+0530,222.14,2016-06-03T14:35:00+0530,222.59,221.95,222.05,134868,53.314,52.115,47.505,29.588,-0.114,-0.091,-0.047,222.314,222.976,221.652,0.563,ICICIBANK-NSE-2016-06-01-to-2016-06-05-5minute
2016-06-03T14:40:00+0530,222.09,2016-06-03T14:40:00+0530,222.36,221.86,222.27,108551,52.609,53.457,46.817,28.123,-0.114,-0.095,-0.037,222.287,222.937,221.636,0.558,ICICIBANK-NSE-2016-06-01-to-2016-06-05-5minute
2016-06-03T14:45:00+0530,222.05,2016-06-03T14:45:00+0530,222.23,221.91,222.09,208243,52.053,44.313,46.24,26.631,-0.116,-0.099,-0.033,222.253,222.876,221.629,0.541,ICICIBANK-NSE-2016-06-01-to-2016-06-05-5minute
2016-06-03T14:50:00+0530,222.27,2016-06-03T14:50:00+0530,222.36,222.05,222.09,199653,54.014,56.876,49.898,24.849,-0.098,-0.099,0.002,222.23,222.811,221.648,0.525,ICICIBANK-NSE-2016-06-01-to-2016-06-05-5minute
2016-06-03T14:55:00+0530,222.05,2016-06-03T14:55:00+0530,222.32,221.73,222.32,345714,53.018,54.848,46.491,23.604,-0.101,-0.1,-0.003,222.203,222.763,221.642,0.529,ICICIBANK-NSE-2016-06-01-to-2016-06-05-5minute
2016-06-03T15:00:00+0530,221.86,2016-06-03T15:00:00+0530,222.14,221.73,222.05,299939,48.978,43.444,43.715,22.738,-0.117,-0.103,-0.028,222.171,222.733,221.608,0.521,ICICIBANK-NSE-2016-06-01-to-2016-06-05-5minute
2016-06-03T15:05:00+0530,221.77,2016-06-03T15:05:00+0530,222.0,221.73,221.91,400479,42.445,31.222,42.422,22.141,-0.136,-0.11,-0.052,222.127,222.671,221.583,0.503,ICICIBANK-NSE-2016-06-01-to-2016-06-05-5minute
2016-06-03T15:10:00+0530,221.82,2016-06-03T15:10:00+0530,222.18,221.77,221.77,453238,36.413,27.482,43.423,21.126,-0.145,-0.117,-0.056,222.102,222.654,221.55,0.496,ICICIBANK-NSE-2016-06-01-to-2016-06-05-5minute
2016-06-03T15:15:00+0530,221.23,2016-06-03T15:15:00+0530,221.95,221.14,221.82,634904,30.534,21.206,35.568,21.124,-0.197,-0.133,-0.129,222.059,222.735,221.383,0.519,ICICIBANK-NSE-2016-06-01-to-2016-06-05-5minute
2016-06-03T15:20:00+0530,221.32,2016-06-03T15:20:00+0530,221.45,220.82,221.23,541408,28.613,26.392,37.427,22.136,-0.229,-0.152,-0.154,222.007,222.743,221.271,0.527,ICICIBANK-NSE-2016-06-01-to-2016-06-05-5minute
2016-06-03T15:25:00+0530,221.64,2016-06-03T15:25:00+0530,221.73,221.0,221.18,449080,31.28,41.783,43.654,22.945,-0.225,-0.167,-0.117,221.976,222.718,221.233,0.541,ICICIBANK-NSE-2016-06-01-to-2016-06-05-5minute
