date,open,high,low,close,volume,scrip_name,stocastic_kdjd_5,stocastic_kdjk_3,rsi_rsi_14,adx_adx_15_ema,macd_macd,macd_macds,macd_macdh,bbands_boll,bbands_boll_ub,bbands_boll_lb,atr_atr,stock_name
2017-05-15T11:15:00+0530,1700.5,1701.9,1691.1,1693.8,22918,ACC,58.762,60.456,0.0,100.0,-0.364,-0.189,-0.349,1700.083,1712.255,1687.912,11.137,ACC-NSE-2017-05-15-to-2017-08-15-60minute
2017-05-15T12:15:00+0530,1693.8,1694.0,1689.25,1691.35,20502,ACC,57.403,44.483,0.0,100.0,-0.553,-0.312,-0.481,1697.9,1711.13,1684.67,8.848,ACC-NSE-2017-05-15-to-2017-08-15-60minute
2017-05-15T13:15:00+0530,1691.35,1692.5,1684.0,1685.65,14985,ACC,53.283,32.728,0.0,100.0,-0.871,-0.478,-0.785,1695.45,1711.303,1679.597,8.751,ACC-NSE-2017-05-15-to-2017-08-15-60minute
2017-05-15T14:15:00+0530,1685.65,1687.3,1682.7,1684.0,21372,ACC,46.152,25.654,0.0,100.0,-1.116,-0.651,-0.93,1693.542,1710.526,1676.558,7.794,ACC-NSE-2017-05-15-to-2017-08-15-60minute
2017-05-15T15:15:00+0530,1684.0,1684.75,1678.15,1683.35,21191,ACC,40.287,29.181,0.0,100.0,-1.284,-0.811,-0.945,1692.086,1709.399,1674.773,7.556,ACC-NSE-2017-05-15-to-2017-08-15-60minute
2017-05-16T09:15:00+0530,1683.9,1734.4,1683.9,1723.0,205897,ACC,42.063,46.032,70.576,97.281,0.51,-0.494,2.008,1695.95,1723.057,1668.843,15.232,ACC-NSE-2017-05-15-to-2017-08-15-60minute
2017-05-16T10:15:00+0530,1723.0,1734.9,1721.1,1731.7,74101,ACC,48.664,62.142,74.782,93.81,2.176,0.123,4.107,1699.922,1734.721,1665.124,15.003,ACC-NSE-2017-05-15-to-2017-08-15-60minute
2017-05-16T11:15:00+0530,1731.7,1740.0,1728.0,1728.75,124409,ACC,55.28,68.077,71.072,90.508,3.175,0.807,4.736,1702.805,1740.339,1665.271,14.563,ACC-NSE-2017-05-15-to-2017-08-15-60minute
2017-05-16T12:15:00+0530,1728.75,1736.0,1728.0,1731.6,64412,ACC,61.681,63.903,72.492,87.52,4.003,1.506,4.995,1705.423,1745.039,1665.807,13.667,ACC-NSE-2017-05-15-to-2017-08-15-60minute
2017-05-16T13:15:00+0530,1731.6,1734.45,1727.05,1728.75,43498,ACC,66.555,46.978,68.853,84.675,4.4,2.128,4.545,1707.367,1747.468,1667.265,12.864,ACC-NSE-2017-05-15-to-2017-08-15-60minute
2017-05-16T14:15:00+0530,1728.75,1730.0,1727.0,1728.95,79641,ACC,65.941,38.541,68.97,82.058,4.647,2.661,3.972,1709.027,1749.245,1668.809,11.668,ACC-NSE-2017-05-15-to-2017-08-15-60minute
2017-05-16T15:15:00+0530,1728.95,1735.0,1727.0,1730.0,54273,ACC,60.906,38.194,69.62,79.945,4.832,3.115,3.435,1710.525,1750.758,1670.292,11.244,ACC-NSE-2017-05-15-to-2017-08-15-60minute
2017-05-17T09:15:00+0530,1728.0,1728.0,1700.15,1709.7,121860,ACC,54.86,34.597,48.496,75.693,3.706,3.238,0.937,1710.47,1749.242,1671.698,13.303,ACC-NSE-2017-05-15-to-2017-08-15-60minute
2017-05-17T10:15:00+0530,1709.0,1713.0,1705.75,1712.15,28323,ACC,49.904,34.542,50.45,70.439,2.953,3.179,-0.452,1710.575,1748.042,1673.108,12.658,ACC-NSE-2017-05-15-to-2017-08-15-60minute
2017-05-17T11:15:00+0530,1712.15,1714.5,1708.05,1708.4,24877,ACC,44.786,32.903,47.48,64.696,2.11,2.96,-1.7,1710.447,1746.74,1674.154,12.02,ACC-NSE-2017-05-15-to-2017-08-15-60minute
2017-05-17T12:15:00+0530,1708.4,1710.0,1700.0,1703.95,68196,ACC,38.79,31.016,44.159,59.581,1.159,2.593,-2.87,1710.086,1745.428,1674.744,11.818,ACC-NSE-2017-05-15-to-2017-08-15-60minute
2017-05-17T13:15:00+0530,1704.0,1707.0,1702.2,1705.0,18380,ACC,33.799,32.171,45.134,55.054,0.48,2.165,-3.369,1709.818,1744.244,1675.393,11.138,ACC-NSE-2017-05-15-to-2017-08-15-60minute
2017-05-17T14:15:00+0530,1705.0,1705.35,1692.0,1695.6,67334,ACC,29.603,28.114,38.629,51.751,-0.661,1.593,-4.508,1709.108,1743.213,1675.002,11.347,ACC-NSE-2017-05-15-to-2017-08-15-60minute
2017-05-17T15:15:00+0530,1695.9,1696.1,1690.1,1690.1,22052,ACC,24.449,18.743,35.414,49.422,-1.899,0.888,-5.574,1708.315,1743.45,1673.18,10.853,ACC-NSE-2017-05-15-to-2017-08-15-60minute
2017-05-18T09:15:00+0530,1682.8,1690.5,1672.05,1681.4,68863,ACC,22.179,21.855,31.015,48.505,-3.418,0.02,-6.877,1707.36,1744.377,1670.343,11.54,ACC-NSE-2017-05-15-to-2017-08-15-60minute
2017-05-18T10:15:00+0530,1681.4,1683.35,1677.2,1681.0,15295,ACC,21.551,26.974,30.825,48.478,-4.583,-0.906,-7.355,1706.72,1745.141,1668.299,11.062,ACC-NSE-2017-05-15-to-2017-08-15-60minute
2017-05-18T11:15:00+0530,1681.0,1688.05,1678.65,1684.0,25061,ACC,22.865,39.573,34.08,48.351,-5.227,-1.774,-6.906,1706.353,1745.525,1667.18,10.917,ACC-NSE-2017-05-15-to-2017-08-15-60minute
2017-05-18T12:15:00+0530,1684.0,1687.0,1682.0,1682.25,10696,ACC,25.621,41.896,33.102,48.168,-5.789,-2.58,-6.417,1706.183,1745.761,1666.604,10.408,ACC-NSE-2017-05-15-to-2017-08-15-60minute
2017-05-18T13:15:00+0530,1682.25,1685.0,1680.0,1680.1,12206,ACC,28.847,33.073,31.89,48.071,-6.309,-3.328,-5.961,1705.988,1746.062,1665.913,9.95,ACC-NSE-2017-05-15-to-2017-08-15-60minute
2017-05-18T14:15:00+0530,1680.1,1682.0,1664.5,1669.3,37340,ACC,29.34,29.16,26.621,48.665,-7.406,-4.146,-6.52,1705.285,1747.467,1663.103,10.581,ACC-NSE-2017-05-15-to-2017-08-15-60minute
2017-05-18T15:15:00+0530,1669.3,1676.15,1665.2,1665.2,19429,ACC,26.629,20.578,24.936,49.663,-8.468,-5.012,-6.912,1702.395,1747.299,1657.491,10.612,ACC-NSE-2017-05-15-to-2017-08-15-60minute
2017-05-19T09:15:00+0530,1681.9,1692.95,1675.0,1687.8,57911,ACC,31.566,41.018,45.433,48.893,-7.569,-5.524,-4.09,1700.2,1743.329,1657.071,12.012,ACC-NSE-2017-05-15-to-2017-08-15-60minute
2017-05-19T10:15:00+0530,1687.8,1704.5,1687.0,1690.25,63166,ACC,37.405,48.592,47.119,47.032,-6.602,-5.74,-1.724,1698.275,1739.43,1657.12,12.455,ACC-NSE-2017-05-15-to-2017-08-15-60minute
2017-05-19T11:15:00+0530,1690.25,1690.8,1675.3,1679.7,32999,ACC,40.066,37.706,41.215,44.54,-6.541,-5.9,-1.282,1695.68,1734.465,1656.895,12.699,ACC-NSE-2017-05-15-to-2017-08-15-60minute
2017-05-19T12:15:00+0530,1679.7,1685.35,1673.0,1676.45,24957,ACC,39.978,28.788,39.57,41.887,-6.657,-6.052,-1.211,1693.065,1729.439,1656.691,12.671,ACC-NSE-2017-05-15-to-2017-08-15-60minute
2017-05-19T13:15:00+0530,1676.45,1682.0,1666.0,1680.0,24696,ACC,39.537,38.009,42.28,39.631,-6.408,-6.123,-0.571,1690.618,1723.216,1658.019,12.934,ACC-NSE-2017-05-15-to-2017-08-15-60minute
2017-05-19T14:15:00+0530,1680.0,1682.55,1673.7,1674.75,19743,ACC,37.474,40.413,39.461,37.653,-6.531,-6.205,-0.652,1687.855,1715.369,1660.341,12.614,ACC-NSE-2017-05-15-to-2017-08-15-60minute
2017-05-19T15:15:00+0530,1674.6,1677.9,1671.1,1671.5,15527,ACC,34.857,38.019,37.782,36.082,-6.794,-6.323,-0.944,1685.945,1712.356,1659.534,12.163,ACC-NSE-2017-05-15-to-2017-08-15-60minute
2017-05-22T09:15:00+0530,1686.7,1688.5,1647.5,1653.0,61313,ACC,31.311,29.818,29.966,35.811,-8.314,-6.721,-3.185,1682.988,1710.275,1655.7,14.389,ACC-NSE-2017-05-15-to-2017-08-15-60minute
2017-05-22T10:15:00+0530,1653.0,1656.0,1641.15,1642.65,44986,ACC,26.608,20.934,26.645,36.529,-10.188,-7.415,-5.547,1679.7,1709.795,1649.605,14.424,ACC-NSE-2017-05-15-to-2017-08-15-60minute
2017-05-22T11:15:00+0530,1642.65,1646.8,1637.55,1643.4,20313,ACC,22.838,17.784,27.274,37.929,-11.481,-8.228,-6.506,1676.673,1708.621,1644.724,14.029,ACC-NSE-2017-05-15-to-2017-08-15-60minute
2017-05-22T12:15:00+0530,1643.4,1644.1,1620.5,1622.0,33791,ACC,18.869,13.264,21.586,40.051,-13.99,-9.381,-9.219,1672.523,1710.053,1634.992,14.756,ACC-NSE-2017-05-15-to-2017-08-15-60minute
2017-05-22T13:15:00+0530,1622.0,1627.8,1616.3,1626.5,61706,ACC,16.579,19.99,25.122,42.615,-15.45,-10.595,-9.71,1669.068,1710.203,1627.932,14.51,ACC-NSE-2017-05-15-to-2017-08-15-60minute
2017-05-22T14:15:00+0530,1626.5,1630.0,1620.0,1623.55,45152,ACC,15.748,22.02,24.347,45.11,-16.641,-11.804,-9.674,1665.74,1710.333,1621.147,14.17,ACC-NSE-2017-05-15-to-2017-08-15-60minute
2017-05-22T15:15:00+0530,1623.55,1632.0,1623.05,1630.0,40650,ACC,18.619,43.767,29.471,47.229,-16.887,-12.821,-8.133,1663.17,1709.839,1616.501,13.779,ACC-NSE-2017-05-15-to-2017-08-15-60minute
2017-05-23T09:15:00+0530,1635.05,1639.1,1604.5,1624.05,98157,ACC,23.312,48.012,27.613,49.462,-17.345,-13.726,-7.239,1660.323,1709.303,1611.342,15.335,ACC-NSE-2017-05-15-to-2017-08-15-60minute
2017-05-23T10:15:00+0530,1624.05,1644.75,1622.0,1636.0,77116,ACC,31.504,58.095,36.299,51.093,-16.581,-14.297,-4.569,1657.923,1706.722,1609.123,15.888,ACC-NSE-2017-05-15-to-2017-08-15-60minute
2017-05-23T11:15:00+0530,1636.0,1639.0,1620.1,1622.45,31318,ACC,36.599,53.596,31.66,52.345,-16.843,-14.806,-4.074,1654.933,1704.773,1605.092,16.111,ACC-NSE-2017-05-15-to-2017-08-15-60minute
2017-05-23T12:15:00+0530,1622.45,1635.0,1620.7,1631.65,25782,ACC,42.292,51.349,37.5,53.316,-16.141,-15.073,-2.136,1652.51,1701.907,1603.113,15.977,ACC-NSE-2017-05-15-to-2017-08-15-60minute
2017-05-23T13:15:00+0530,1631.65,1647.0,1628.1,1643.3,43385,ACC,50.267,62.981,44.024,52.768,-14.5,-14.959,0.917,1651.21,1700.113,1602.307,16.193,ACC-NSE-2017-05-15-to-2017-08-15-60minute
2017-05-23T14:15:00+0530,1643.3,1643.3,1621.6,1623.2,42875,ACC,49.506,45.156,36.873,51.65,-14.616,-14.89,0.548,1649.11,1699.079,1599.141,16.599,ACC-NSE-2017-05-15-to-2017-08-15-60minute
2017-05-23T15:15:00+0530,1623.2,1640.0,1621.65,1640.0,20436,ACC,51.887,54.251,44.925,50.214,-13.228,-14.558,2.66,1646.72,1693.359,1600.081,16.728,ACC-NSE-2017-05-15-to-2017-08-15-60minute
2017-05-24T09:15:00+0530,1639.9,1639.9,1613.1,1620.1,65225,ACC,49.475,43.894,38.638,49.08,-13.545,-14.355,1.619,1643.213,1686.498,1599.927,17.474,ACC-NSE-2017-05-15-to-2017-08-15-60minute
2017-05-24T10:15:00+0530,1620.1,1628.0,1614.3,1615.9,42466,ACC,43.823,32.732,37.447,48.175,-13.968,-14.278,0.619,1640.023,1681.345,1598.7,17.198,ACC-NSE-2017-05-15-to-2017-08-15-60minute
2017-05-24T11:15:00+0530,1615.9,1616.0,1586.55,1594.3,72865,ACC,37.959,26.664,31.986,48.332,-15.834,-14.589,-2.49,1635.915,1678.309,1593.521,18.093,ACC-NSE-2017-05-15-to-2017-08-15-60minute
2017-05-24T12:15:00+0530,1594.3,1596.5,1575.2,1581.0,51919,ACC,32.13,21.437,29.165,49.34,-18.158,-15.303,-5.711,1630.965,1674.781,1587.149,18.327,ACC-NSE-2017-05-15-to-2017-08-15-60minute
2017-05-24T13:15:00+0530,1581.0,1599.9,1578.3,1580.3,75696,ACC,26.845,18.458,29.02,50.497,-19.827,-16.208,-7.238,1626.243,1670.545,1581.94,18.566,ACC-NSE-2017-05-15-to-2017-08-15-60minute
2017-05-24T14:15:00+0530,1580.45,1588.4,1575.0,1582.05,48486,ACC,22.991,21.743,29.958,51.78,-20.77,-17.12,-7.299,1621.77,1664.88,1578.66,18.19,ACC-NSE-2017-05-15-to-2017-08-15-60minute
2017-05-24T15:15:00+0530,1582.05,1595.0,1575.25,1586.35,26113,ACC,21.8,29.69,32.324,52.385,-20.932,-17.882,-6.099,1618.438,1661.687,1575.188,18.303,ACC-NSE-2017-05-15-to-2017-08-15-60minute
2017-05-25T09:15:00+0530,1580.0,1602.9,1571.4,1594.3,79364,ACC,26.926,44.026,36.589,51.801,-20.194,-18.345,-3.698,1616.02,1658.975,1573.065,19.261,ACC-NSE-2017-05-15-to-2017-08-15-60minute
2017-05-25T10:15:00+0530,1594.3,1601.2,1592.8,1593.4,23758,ACC,33.972,52.631,36.31,50.495,-19.456,-18.567,-1.778,1613.52,1655.576,1571.464,18.474,ACC-NSE-2017-05-15-to-2017-08-15-60minute
2017-05-25T11:15:00+0530,1593.4,1599.45,1588.75,1592.15,22100,ACC,40.649,57.045,35.901,49.02,-18.754,-18.604,-0.3,1612.028,1654.926,1569.129,17.911,ACC-NSE-2017-05-15-to-2017-08-15-60minute
2017-05-25T12:15:00+0530,1592.15,1615.0,1592.15,1610.0,64309,ACC,48.936,65.014,45.373,46.529,-16.58,-18.199,3.239,1611.203,1653.561,1568.844,18.268,ACC-NSE-2017-05-15-to-2017-08-15-60minute
2017-05-25T13:15:00+0530,1610.0,1613.7,1609.2,1612.35,23938,ACC,57.618,73.311,46.494,43.493,-14.501,-17.46,5.917,1610.643,1652.608,1568.677,17.273,ACC-NSE-2017-05-15-to-2017-08-15-60minute
2017-05-25T14:15:00+0530,1612.35,1623.05,1606.65,1618.55,202183,ACC,64.728,77.353,49.442,40.848,-12.217,-16.411,8.389,1610.07,1651.228,1568.912,17.21,ACC-NSE-2017-05-15-to-2017-08-15-60minute
2017-05-25T15:15:00+0530,1618.6,1633.0,1616.45,1633.0,130995,ACC,71.807,84.902,55.584,39.051,-9.144,-14.958,11.628,1610.518,1652.502,1568.533,17.162,ACC-NSE-2017-05-15-to-2017-08-15-60minute
2017-05-26T09:15:00+0530,1615.1,1636.0,1605.25,1614.3,44107,ACC,72.587,66.412,47.536,36.905,-8.113,-13.589,10.951,1609.433,1649.732,1569.133,18.142,ACC-NSE-2017-05-15-to-2017-08-15-60minute
2017-05-26T10:15:00+0530,1614.3,1634.5,1614.0,1620.85,38377,ACC,70.506,61.185,50.253,34.617,-6.694,-12.21,11.031,1609.353,1649.549,1569.156,18.312,ACC-NSE-2017-05-15-to-2017-08-15-60minute
2017-05-26T11:15:00+0530,1620.85,1633.9,1620.1,1623.85,22974,ACC,68.467,60.953,51.492,32.323,-5.269,-10.822,11.106,1608.963,1648.392,1569.533,17.987,ACC-NSE-2017-05-15-to-2017-08-15-60minute
2017-05-26T12:15:00+0530,1623.85,1630.0,1618.05,1626.15,23614,ACC,67.506,60.391,52.47,29.903,-3.909,-9.439,11.06,1608.105,1645.059,1571.151,17.553,ACC-NSE-2017-05-15-to-2017-08-15-60minute
2017-05-26T13:15:00+0530,1626.15,1634.95,1623.45,1630.1,22387,ACC,68.557,64.028,54.178,27.919,-2.486,-8.048,11.126,1608.45,1646.119,1570.781,17.117,ACC-NSE-2017-05-15-to-2017-08-15-60minute
2017-05-26T14:15:00+0530,1630.1,1635.0,1627.4,1632.0,26217,ACC,70.931,70.119,55.015,26.281,-1.191,-6.677,10.971,1608.05,1644.457,1571.643,16.433,ACC-NSE-2017-05-15-to-2017-08-15-60minute
2017-05-26T15:15:00+0530,1632.0,1638.9,1628.3,1638.9,14673,ACC,75.216,80.079,58.015,25.264,0.384,-5.265,11.298,1608.99,1647.611,1570.369,16.014,ACC-NSE-2017-05-15-to-2017-08-15-60minute
2017-05-29T09:15:00+0530,1634.0,1654.0,1621.0,1626.5,81000,ACC,71.374,58.942,51.383,25.569,0.629,-4.086,9.43,1609.52,1648.825,1570.215,17.234,ACC-NSE-2017-05-15-to-2017-08-15-60minute
2017-05-29T10:15:00+0530,1626.5,1640.0,1622.5,1635.9,46979,ACC,66.753,54.345,55.533,26.688,1.561,-2.957,9.035,1611.6,1651.904,1571.296,17.253,ACC-NSE-2017-05-15-to-2017-08-15-60minute
2017-05-29T11:15:00+0530,1635.9,1641.0,1630.0,1640.0,28379,ACC,63.68,55.422,57.247,28.328,2.599,-1.846,8.889,1614.55,1654.052,1575.048,16.804,ACC-NSE-2017-05-15-to-2017-08-15-60minute
2017-05-29T12:15:00+0530,1640.0,1643.95,1632.75,1642.8,31738,ACC,62.579,68.494,58.426,30.386,3.605,-0.755,8.721,1617.675,1655.627,1579.723,16.402,ACC-NSE-2017-05-15-to-2017-08-15-60minute
2017-05-29T13:15:00+0530,1642.8,1645.0,1637.8,1641.9,24529,ACC,62.173,72.107,57.874,32.686,4.281,0.252,8.058,1620.668,1656.15,1585.185,15.742,ACC-NSE-2017-05-15-to-2017-08-15-60minute
2017-05-29T14:15:00+0530,1641.55,1642.0,1617.5,1624.0,52495,ACC,57.711,55.95,48.128,33.376,3.337,0.869,4.937,1622.55,1654.149,1590.951,16.37,ACC-NSE-2017-05-15-to-2017-08-15-60minute
2017-05-29T15:15:00+0530,1624.0,1629.75,1621.15,1623.0,12198,ACC,51.537,43.967,47.646,33.036,2.481,1.191,2.579,1623.985,1652.653,1595.317,15.813,ACC-NSE-2017-05-15-to-2017-08-15-60minute
2017-05-30T09:15:00+0530,1623.8,1623.8,1595.05,1603.0,47255,ACC,44.836,34.956,39.182,33.425,0.189,0.991,-1.603,1624.465,1651.235,1597.695,16.74,ACC-NSE-2017-05-15-to-2017-08-15-60minute
2017-05-30T10:15:00+0530,1603.0,1626.8,1603.0,1626.8,35611,ACC,43.938,53.803,50.46,33.966,0.286,0.85,-1.127,1626.198,1648.227,1604.168,17.246,ACC-NSE-2017-05-15-to-2017-08-15-60minute
2017-05-30T11:15:00+0530,1626.8,1639.5,1624.55,1636.6,66759,ACC,48.49,67.027,54.224,33.522,1.14,0.908,0.463,1627.528,1648.632,1606.423,17.082,ACC-NSE-2017-05-15-to-2017-08-15-60minute
2017-05-30T12:15:00+0530,1636.6,1639.9,1623.85,1638.7,24318,ACC,55.94,76.934,55.013,32.521,1.962,1.119,1.687,1628.845,1649.238,1608.452,17.008,ACC-NSE-2017-05-15-to-2017-08-15-60minute
2017-05-30T13:15:00+0530,1638.7,1641.75,1631.0,1636.65,51513,ACC,62.933,75.126,54.034,31.051,2.421,1.379,2.084,1629.75,1649.824,1609.676,16.56,ACC-NSE-2017-05-15-to-2017-08-15-60minute
2017-05-30T14:15:00+0530,1636.65,1637.95,1631.6,1635.4,58283,ACC,68.338,71.592,53.41,29.341,2.653,1.634,2.039,1629.87,1650.054,1609.686,15.829,ACC-NSE-2017-05-15-to-2017-08-15-60minute
2017-05-30T15:15:00+0530,1635.4,1636.0,1632.9,1635.35,16478,ACC,70.286,61.216,53.383,27.541,2.801,1.867,1.867,1630.923,1649.844,1612.001,14.918,ACC-NSE-2017-05-15-to-2017-08-15-60minute
2017-05-31T09:15:00+0530,1636.05,1642.95,1629.05,1636.25,53297,ACC,70.556,58.077,53.828,25.822,2.957,2.085,1.743,1631.693,1650.135,1613.25,14.845,ACC-NSE-2017-05-15-to-2017-08-15-60minute
2017-05-31T10:15:00+0530,1636.25,1638.0,1628.55,1636.0,24576,ACC,68.585,55.963,53.675,24.157,3.025,2.273,1.504,1632.3,1650.453,1614.147,14.459,ACC-NSE-2017-05-15-to-2017-08-15-60minute
2017-05-31T11:15:00+0530,1636.05,1657.0,1636.0,1647.2,78603,ACC,67.372,59.16,59.271,23.863,3.936,2.606,2.661,1633.353,1652.422,1614.283,14.927,ACC-NSE-2017-05-15-to-2017-08-15-60minute
2017-05-31T12:15:00+0530,1647.2,1653.1,1644.0,1644.2,25740,ACC,65.459,57.776,57.275,24.438,4.367,2.958,2.817,1634.058,1653.656,1614.459,14.51,ACC-NSE-2017-05-15-to-2017-08-15-60minute
2017-05-31T13:15:00+0530,1644.2,1645.2,1634.05,1641.55,32852,ACC,62.413,49.411,55.498,24.415,4.443,3.255,2.375,1634.535,1654.386,1614.684,14.27,ACC-NSE-2017-05-15-to-2017-08-15-60minute
2017-05-31T14:15:00+0530,1641.55,1647.95,1632.35,1637.05,92657,ACC,57.444,40.491,52.517,24.22,4.093,3.423,1.341,1634.443,1654.225,1614.66,14.365,ACC-NSE-2017-05-15-to-2017-08-15-60minute
2017-05-31T15:15:00+0530,1637.0,1642.0,1633.5,1634.5,64767,ACC,49.822,31.588,50.85,23.923,3.569,3.452,0.234,1634.843,1654.269,1615.416,13.945,ACC-NSE-2017-05-15-to-2017-08-15-60minute
2017-06-01T09:15:00+0530,1634.05,1646.0,1631.65,1638.65,38060,ACC,44.525,35.373,53.44,23.892,3.449,3.451,-0.005,1634.98,1654.477,1615.483,13.974,ACC-NSE-2017-05-15-to-2017-08-15-60minute
2017-06-01T10:15:00+0530,1638.65,1645.45,1634.0,1643.2,32218,ACC,45.096,50.412,56.167,24.029,3.678,3.497,0.363,1635.14,1654.862,1615.418,13.794,ACC-NSE-2017-05-15-to-2017-08-15-60minute
2017-06-01T11:15:00+0530,1643.6,1662.4,1641.2,1659.0,160883,ACC,50.222,63.255,64.043,25.252,5.075,3.812,2.526,1635.95,1658.169,1613.731,14.323,ACC-NSE-2017-05-15-to-2017-08-15-60minute
2017-06-01T12:15:00+0530,1659.0,1659.9,1647.0,1657.5,64732,ACC,56.261,69.752,62.888,27.11,5.992,4.248,3.488,1636.73,1660.843,1612.617,14.221,ACC-NSE-2017-05-15-to-2017-08-15-60minute
2017-06-01T13:15:00+0530,1657.95,1662.0,1651.5,1653.85,45824,ACC,60.715,66.392,60.049,29.392,6.351,4.669,3.365,1638.223,1662.71,1613.735,13.955,ACC-NSE-2017-05-15-to-2017-08-15-60minute
2017-06-01T14:15:00+0530,1653.85,1659.0,1650.0,1655.65,34982,ACC,64.419,63.483,60.984,31.593,6.704,5.076,3.256,1639.855,1664.423,1615.287,13.601,ACC-NSE-2017-05-15-to-2017-08-15-60minute
2017-06-01T15:15:00+0530,1655.65,1662.55,1653.55,1661.8,37596,ACC,69.628,73.663,64.079,33.862,7.394,5.54,3.709,1642.795,1662.356,1623.234,13.272,ACC-NSE-2017-05-15-to-2017-08-15-60minute
2017-06-02T09:15:00+0530,1664.25,1671.9,1662.0,1664.1,49458,ACC,71.837,70.57,65.191,36.491,8.034,6.039,3.991,1644.66,1664.9,1624.42,13.046,ACC-NSE-2017-05-15-to-2017-08-15-60minute
2017-06-02T10:15:00+0530,1664.1,1664.2,1647.0,1650.5,41026,ACC,66.399,51.732,54.457,37.322,7.36,6.303,2.114,1645.355,1665.384,1625.326,13.342,ACC-NSE-2017-05-15-to-2017-08-15-60minute
2017-06-02T11:15:00+0530,1650.5,1655.0,1647.4,1655.0,10508,ACC,60.174,45.198,56.981,36.999,7.106,6.463,1.285,1646.17,1666.384,1625.956,12.932,ACC-NSE-2017-05-15-to-2017-08-15-60minute
2017-06-02T12:15:00+0530,1655.0,1658.5,1653.0,1654.4,13954,ACC,54.024,44.473,56.531,36.247,6.778,6.526,0.504,1647.058,1667.069,1627.046,12.401,ACC-NSE-2017-05-15-to-2017-08-15-60minute
2017-06-02T13:15:00+0530,1654.4,1656.7,1653.0,1655.2,12304,ACC,48.947,53.072,57.018,35.253,6.508,6.523,-0.029,1648.048,1667.584,1628.511,11.779,ACC-NSE-2017-05-15-to-2017-08-15-60minute
2017-06-02T14:15:00+0530,1655.2,1656.0,1639.0,1643.3,38963,ACC,43.148,42.732,48.338,34.019,5.274,6.273,-1.999,1648.445,1667.202,1629.688,12.152,ACC-NSE-2017-05-15-to-2017-08-15-60minute
2017-06-02T15:15:00+0530,1643.3,1644.9,1640.7,1642.0,19034,ACC,37.485,34.138,47.488,32.678,4.142,5.847,-3.409,1648.733,1666.869,1630.596,11.584,ACC-NSE-2017-05-15-to-2017-08-15-60minute
2017-06-05T09:15:00+0530,1642.95,1656.85,1641.0,1653.8,56627,ACC,39.237,50.396,55.194,31.168,4.15,5.507,-2.715,1649.623,1666.852,1632.393,11.889,ACC-NSE-2017-05-15-to-2017-08-15-60minute
2017-06-05T10:15:00+0530,1653.8,1654.25,1645.0,1645.45,20656,ACC,39.671,43.401,49.642,29.606,3.443,5.095,-3.304,1649.535,1666.834,1632.236,11.7,ACC-NSE-2017-05-15-to-2017-08-15-60minute
2017-06-05T11:15:00+0530,1645.45,1649.45,1642.05,1648.5,31157,ACC,41.369,44.707,51.559,27.735,3.093,4.694,-3.203,1649.75,1666.876,1632.624,11.393,ACC-NSE-2017-05-15-to-2017-08-15-60minute
2017-06-05T12:15:00+0530,1648.35,1648.85,1632.1,1634.5,22023,ACC,38.605,33.416,43.395,26.313,1.666,4.089,-4.844,1649.398,1667.497,1631.298,11.776,ACC-NSE-2017-05-15-to-2017-08-15-60minute
2017-06-05T13:15:00+0530,1634.5,1641.95,1634.0,1639.45,21291,ACC,36.386,36.399,46.614,25.221,0.925,3.456,-5.062,1649.518,1667.301,1631.734,11.502,ACC-NSE-2017-05-15-to-2017-08-15-60minute
2017-06-05T14:15:00+0530,1639.45,1645.7,1636.3,1644.0,82883,ACC,37.327,47.947,49.459,23.911,0.696,2.904,-4.415,1649.993,1666.552,1633.433,11.352,ACC-NSE-2017-05-15-to-2017-08-15-60minute
2017-06-05T15:15:00+0530,1644.0,1648.85,1643.05,1646.0,34658,ACC,42.499,58.901,50.702,22.329,0.669,2.457,-3.576,1650.36,1666.169,1634.551,10.955,ACC-NSE-2017-05-15-to-2017-08-15-60minute
2017-06-06T09:15:00+0530,1654.65,1654.65,1626.55,1630.2,39564,ACC,41.519,43.597,41.926,21.785,-0.621,1.841,-4.924,1649.71,1667.68,1631.74,12.18,ACC-NSE-2017-05-15-to-2017-08-15-60minute
2017-06-06T10:15:00+0530,1630.2,1634.75,1627.0,1630.0,11897,ACC,37.835,33.157,41.827,21.909,-1.64,1.145,-5.57,1648.26,1667.694,1628.826,11.864,ACC-NSE-2017-05-15-to-2017-08-15-60minute
2017-06-06T11:15:00+0530,1630.0,1630.0,1621.9,1623.0,22820,ACC,32.366,23.224,38.418,22.749,-2.978,0.321,-6.597,1646.535,1668.478,1624.592,11.595,ACC-NSE-2017-05-15-to-2017-08-15-60minute
2017-06-06T12:15:00+0530,1623.0,1625.0,1615.0,1619.3,23531,ACC,27.545,22.74,36.715,24.349,-4.287,-0.601,-7.373,1644.808,1669.583,1620.032,11.481,ACC-NSE-2017-05-15-to-2017-08-15-60minute
2017-06-06T13:15:00+0530,1618.55,1620.0,1608.05,1610.6,28699,ACC,22.949,19.033,33.009,26.644,-5.958,-1.672,-8.572,1642.555,1671.087,1614.023,11.515,ACC-NSE-2017-05-15-to-2017-08-15-60minute
2017-06-06T14:15:00+0530,1610.35,1613.35,1597.2,1606.0,63032,ACC,20.961,23.24,31.215,29.611,-7.567,-2.851,-9.431,1639.765,1671.144,1608.386,11.846,ACC-NSE-2017-05-15-to-2017-08-15-60minute
2017-06-06T15:15:00+0530,1606.0,1611.0,1605.05,1609.75,22354,ACC,21.999,33.841,34.347,32.894,-8.441,-3.969,-8.944,1637.048,1668.962,1605.133,11.424,ACC-NSE-2017-05-15-to-2017-08-15-60minute
2017-06-07T09:15:00+0530,1608.0,1617.9,1600.1,1616.0,70738,ACC,27.531,52.835,39.308,35.275,-8.532,-4.882,-7.3,1635.323,1667.898,1602.747,11.88,ACC-NSE-2017-05-15-to-2017-08-15-60minute
2017-06-07T10:15:00+0530,1616.0,1618.9,1610.15,1610.6,25481,ACC,33.46,53.84,36.726,36.874,-8.936,-5.693,-6.487,1633.103,1666.081,1600.124,11.656,ACC-NSE-2017-05-15-to-2017-08-15-60minute
2017-06-07T11:15:00+0530,1610.6,1613.6,1610.0,1610.55,15089,ACC,39.213,54.422,36.702,37.937,-9.155,-6.385,-5.54,1630.91,1663.757,1598.063,11.081,ACC-NSE-2017-05-15-to-2017-08-15-60minute
2017-06-07T12:15:00+0530,1610.55,1616.0,1609.05,1613.95,23637,ACC,45.599,52.863,39.598,38.244,-8.951,-6.898,-4.106,1628.848,1660.429,1597.266,10.786,ACC-NSE-2017-05-15-to-2017-08-15-60minute
2017-06-07T13:15:00+0530,1613.6,1614.2,1607.2,1610.0,28472,ACC,49.221,45.848,37.454,38.233,-9.005,-7.32,-3.37,1627.183,1659.065,1595.3,10.515,ACC-NSE-2017-05-15-to-2017-08-15-60minute
2017-06-07T14:15:00+0530,1610.0,1613.25,1606.2,1613.1,55011,ACC,51.399,54.035,40.191,38.117,-8.696,-7.595,-2.203,1625.738,1657.411,1594.064,10.268,ACC-NSE-2017-05-15-to-2017-08-15-60minute
2017-06-07T15:15:00+0530,1613.1,1620.0,1609.3,1620.0,24549,ACC,57.767,69.357,45.868,36.823,-7.806,-7.637,-0.337,1624.048,1652.898,1595.197,10.299,ACC-NSE-2017-05-15-to-2017-08-15-60minute
2017-06-08T09:15:00+0530,1616.0,1624.0,1608.05,1611.05,28838,ACC,57.206,55.32,40.498,35.066,-7.733,-7.656,-0.153,1622.328,1649.878,1594.777,10.702,ACC-NSE-2017-05-15-to-2017-08-15-60minute
2017-06-08T10:15:00+0530,1611.05,1617.9,1604.9,1617.0,25262,ACC,57.64,57.997,45.1,32.784,-7.113,-7.547,0.87,1620.753,1645.458,1596.047,10.866,ACC-NSE-2017-05-15-to-2017-08-15-60minute
2017-06-08T11:15:00+0530,1617.0,1620.85,1616.55,1620.0,15696,ACC,60.212,65.017,47.312,30.506,-6.306,-7.299,1.986,1620.028,1643.87,1596.185,10.397,ACC-NSE-2017-05-15-to-2017-08-15-60minute
2017-06-08T12:15:00+0530,1620.0,1620.5,1616.5,1619.5,11548,ACC,63.158,73.857,46.972,28.304,-5.643,-6.968,2.65,1619.03,1641.051,1597.009,9.94,ACC-NSE-2017-05-15-to-2017-08-15-60minute
2017-06-08T13:15:00+0530,1619.5,1620.45,1617.2,1619.15,15138,ACC,65.74,69.544,46.719,26.229,-5.087,-6.592,3.01,1617.788,1636.42,1599.155,9.462,ACC-NSE-2017-05-15-to-2017-08-15-60minute
2017-06-08T14:15:00+0530,1618.1,1620.0,1617.15,1618.0,26638,ACC,68.709,58.863,45.846,24.296,-4.685,-6.21,3.051,1616.388,1629.477,1603.298,8.99,ACC-NSE-2017-05-15-to-2017-08-15-60minute
2017-06-08T15:15:00+0530,1618.0,1620.1,1617.65,1617.65,12772,ACC,65.331,44.292,45.567,22.542,-4.344,-5.837,2.986,1615.76,1627.156,1604.364,8.523,ACC-NSE-2017-05-15-to-2017-08-15-60minute
2017-06-09T09:15:00+0530,1617.65,1617.65,1600.1,1606.15,35146,ACC,59.866,39.612,37.488,22.506,-4.945,-5.659,1.427,1614.568,1624.599,1604.536,9.168,ACC-NSE-2017-05-15-to-2017-08-15-60minute
2017-06-09T10:15:00+0530,1606.0,1612.0,1603.0,1603.6,23329,ACC,52.697,32.241,35.965,23.545,-5.563,-5.64,0.153,1613.598,1623.942,1603.253,9.156,ACC-NSE-2017-05-15-to-2017-08-15-60minute
2017-06-09T11:15:00+0530,1603.6,1607.3,1601.6,1605.0,12396,ACC,46.377,30.801,37.467,25.315,-5.872,-5.686,-0.372,1612.883,1623.54,1602.225,8.909,ACC-NSE-2017-05-15-to-2017-08-15-60minute
2017-06-09T12:15:00+0530,1605.0,1608.5,1603.0,1605.5,21103,ACC,41.415,33.034,38.026,27.186,-6.008,-5.75,-0.515,1612.628,1623.749,1601.506,8.665,ACC-NSE-2017-05-15-to-2017-08-15-60minute
2017-06-09T13:15:00+0530,1605.5,1606.5,1601.1,1603.4,10586,ACC,36.698,32.383,36.548,29.222,-6.213,-5.843,-0.74,1612.498,1623.999,1600.996,8.432,ACC-NSE-2017-05-15-to-2017-08-15-60minute
2017-06-09T14:15:00+0530,1603.3,1620.7,1603.2,1617.2,54015,ACC,39.651,48.97,50.235,29.946,-5.202,-5.715,1.026,1612.87,1624.479,1601.261,9.08,ACC-NSE-2017-05-15-to-2017-08-15-60minute
2017-06-09T15:15:00+0530,1617.2,1620.35,1615.2,1616.2,28802,ACC,45.117,58.327,49.403,29.823,-4.43,-5.458,2.055,1612.88,1624.501,1601.259,8.799,ACC-NSE-2017-05-15-to-2017-08-15-60minute
2017-06-12T09:15:00+0530,1613.0,1620.1,1605.0,1619.35,39883,ACC,52.88,69.646,52.094,29.374,-3.524,-5.071,3.094,1613.318,1625.232,1601.403,9.249,ACC-NSE-2017-05-15-to-2017-08-15-60minute
2017-06-12T10:15:00+0530,1619.35,1620.8,1616.1,1616.25,32304,ACC,58.999,70.165,49.315,28.64,-3.021,-4.661,3.28,1613.603,1625.511,1601.694,8.924,ACC-NSE-2017-05-15-to-2017-08-15-60minute
2017-06-12T11:15:00+0530,1616.25,1622.5,1616.0,1618.0,41744,ACC,63.684,71.539,50.907,27.506,-2.453,-4.22,3.533,1613.805,1625.875,1601.735,8.751,ACC-NSE-2017-05-15-to-2017-08-15-60minute
2017-06-12T12:15:00+0530,1618.0,1624.2,1616.0,1618.3,18946,ACC,66.387,57.042,51.19,25.91,-1.956,-3.767,3.621,1614.22,1626.31,1602.13,8.712,ACC-NSE-2017-05-15-to-2017-08-15-60minute
2017-06-12T13:15:00+0530,1618.3,1620.0,1610.5,1616.75,20350,ACC,67.011,53.235,49.599,24.756,-1.668,-3.347,3.358,1614.403,1626.531,1602.274,8.768,ACC-NSE-2017-05-15-to-2017-08-15-60minute
2017-06-12T14:15:00+0530,1616.75,1616.9,1606.0,1608.85,41826,ACC,61.583,40.71,42.37,24.352,-2.054,-3.088,2.069,1613.845,1625.915,1601.775,8.92,ACC-NSE-2017-05-15-to-2017-08-15-60minute
2017-06-12T15:15:00+0530,1608.85,1610.9,1607.0,1607.0,13669,ACC,52.939,29.521,40.867,24.432,-2.48,-2.967,0.973,1613.643,1626.042,1601.243,8.562,ACC-NSE-2017-05-15-to-2017-08-15-60minute
2017-06-13T09:15:00+0530,1611.6,1640.0,1608.05,1638.35,184825,ACC,53.786,51.396,64.097,25.132,-0.285,-2.43,4.291,1614.71,1631.296,1598.124,10.307,ACC-NSE-2017-05-15-to-2017-08-15-60minute
2017-06-13T10:15:00+0530,1638.35,1641.6,1634.0,1636.9,71258,ACC,57.831,63.07,62.867,26.266,1.322,-1.68,6.005,1615.555,1634.787,1596.323,10.114,ACC-NSE-2017-05-15-to-2017-08-15-60minute
2017-06-13T11:15:00+0530,1636.9,1637.5,1629.0,1629.75,47807,ACC,60.616,63.606,57.053,27.054,1.996,-0.945,5.882,1616.068,1636.264,1595.871,9.999,ACC-NSE-2017-05-15-to-2017-08-15-60minute
2017-06-13T12:15:00+0530,1629.75,1632.35,1621.05,1625.15,55937,ACC,60.947,49.055,53.617,26.815,2.135,-0.329,4.927,1616.368,1636.932,1595.803,10.092,ACC-NSE-2017-05-15-to-2017-08-15-60minute
2017-06-13T13:15:00+0530,1624.65,1628.8,1621.0,1625.0,41956,ACC,59.936,40.784,53.504,25.938,2.207,0.178,4.057,1616.718,1637.634,1595.801,9.928,ACC-NSE-2017-05-15-to-2017-08-15-60minute
2017-06-13T14:15:00+0530,1625.0,1628.15,1616.95,1618.0,65164,ACC,53.3,29.462,48.373,24.627,1.68,0.479,2.402,1616.735,1637.655,1595.815,10.019,ACC-NSE-2017-05-15-to-2017-08-15-60minute
2017-06-13T15:15:00+0530,1618.65,1619.0,1609.0,1619.0,26626,ACC,48.327,36.476,49.124,23.738,1.327,0.648,1.358,1617.378,1637.71,1597.045,10.017,ACC-NSE-2017-05-15-to-2017-08-15-60minute
2017-06-14T09:15:00+0530,1618.95,1618.95,1593.0,1594.35,75926,ACC,41.129,25.598,35.445,23.989,-0.93,0.333,-2.526,1616.915,1638.919,1594.911,11.159,ACC-NSE-2017-05-15-to-2017-08-15-60minute
2017-06-14T10:15:00+0530,1594.35,1595.1,1586.0,1591.25,70882,ACC,34.722,22.368,34.157,25.201,-2.936,-0.321,-5.229,1616.228,1640.537,1591.918,11.012,ACC-NSE-2017-05-15-to-2017-08-15-60minute
2017-06-14T11:15:00+0530,1591.25,1591.65,1584.55,1590.95,36543,ACC,29.648,21.114,34.028,27.021,-4.497,-1.156,-6.682,1615.5,1641.939,1589.061,10.733,ACC-NSE-2017-05-15-to-2017-08-15-60minute
2017-06-14T12:15:00+0530,1590.95,1599.4,1586.5,1595.2,27221,ACC,27.533,37.982,37.619,28.269,-5.33,-1.991,-6.679,1615.09,1642.554,1587.626,10.887,ACC-NSE-2017-05-15-to-2017-08-15-60minute
2017-06-14T13:15:00+0530,1596.0,1600.0,1593.9,1597.8,25893,ACC,27.814,53.908,39.778,29.048,-5.715,-2.736,-5.959,1614.12,1642.621,1585.619,10.545,ACC-NSE-2017-05-15-to-2017-08-15-60minute
2017-06-14T14:15:00+0530,1597.8,1600.0,1597.0,1598.25,45824,ACC,34.701,64.951,40.165,29.507,-5.916,-3.372,-5.087,1613.223,1642.566,1583.879,10.006,ACC-NSE-2017-05-15-to-2017-08-15-60minute
2017-06-14T15:15:00+0530,1598.05,1599.5,1595.1,1596.35,25457,ACC,42.392,56.689,39.027,29.893,-6.157,-3.929,-4.456,1612.073,1642.197,1581.948,9.606,ACC-NSE-2017-05-15-to-2017-08-15-60minute
2017-06-15T09:15:00+0530,1594.9,1607.0,1586.6,1601.0,44560,ACC,48.959,61.322,43.263,30.764,-5.904,-4.324,-3.161,1611.31,1641.759,1580.861,10.377,ACC-NSE-2017-05-15-to-2017-08-15-60minute
2017-06-15T10:15:00+0530,1601.0,1607.0,1596.65,1602.7,22438,ACC,55.207,67.188,44.773,31.907,-5.504,-4.56,-1.888,1610.545,1641.055,1580.035,10.375,ACC-NSE-2017-05-15-to-2017-08-15-60minute
2017-06-15T11:15:00+0530,1602.7,1604.25,1597.75,1598.1,8781,ACC,58.114,63.583,41.55,33.179,-5.494,-4.747,-1.495,1609.535,1640.301,1578.769,10.098,ACC-NSE-2017-05-15-to-2017-08-15-60minute
2017-06-15T12:15:00+0530,1598.1,1602.0,1597.0,1599.8,8519,ACC,60.138,52.534,43.178,34.542,-5.289,-4.855,-0.867,1608.688,1639.55,1577.825,9.734,ACC-NSE-2017-05-15-to-2017-08-15-60minute
2017-06-15T13:15:00+0530,1599.8,1601.45,1595.3,1599.1,14651,ACC,61.164,49.175,42.651,36.043,-5.123,-4.909,-0.429,1608.2,1639.358,1577.042,9.478,ACC-NSE-2017-05-15-to-2017-08-15-60minute
2017-06-15T14:15:00+0530,1599.1,1615.0,1597.0,1614.0,56030,ACC,65.371,64.425,55.186,35.98,-3.746,-4.676,1.86,1608.55,1639.809,1577.291,10.087,ACC-NSE-2017-05-15-to-2017-08-15-60minute
2017-06-15T15:15:00+0530,1613.95,1615.0,1609.0,1613.8,22736,ACC,70.412,74.253,55.012,34.943,-2.641,-4.269,3.256,1607.323,1635.423,1579.222,9.795,ACC-NSE-2017-05-15-to-2017-08-15-60minute
2017-06-16T09:15:00+0530,1611.85,1628.0,1601.0,1620.0,67343,ACC,73.221,74.233,59.292,34.44,-1.25,-3.666,4.83,1606.478,1631.702,1581.253,11.024,ACC-NSE-2017-05-15-to-2017-08-15-60minute
2017-06-16T10:15:00+0530,1620.0,1623.0,1613.0,1617.4,32158,ACC,73.843,69.736,56.85,34.289,-0.354,-3.003,5.299,1605.86,1629.221,1582.499,10.951,ACC-NSE-2017-05-15-to-2017-08-15-60minute
2017-06-16T11:15:00+0530,1617.6,1619.6,1615.3,1619.0,15394,ACC,73.801,68.713,57.996,34.363,0.48,-2.307,5.573,1605.553,1627.988,1583.117,10.476,ACC-NSE-2017-05-15-to-2017-08-15-60minute
2017-06-16T12:15:00+0530,1619.0,1619.45,1615.5,1618.0,18083,ACC,72.577,62.475,56.977,34.575,1.048,-1.636,5.368,1605.203,1626.553,1583.852,10.01,ACC-NSE-2017-05-15-to-2017-08-15-60minute
2017-06-16T13:15:00+0530,1618.0,1619.5,1614.6,1615.4,29879,ACC,69.895,46.983,54.305,34.669,1.274,-1.054,4.655,1605.073,1626.125,1584.02,9.645,ACC-NSE-2017-05-15-to-2017-08-15-60minute
2017-06-16T14:15:00+0530,1615.4,1638.9,1615.1,1638.9,110639,ACC,72.048,64.656,68.627,35.866,3.311,-0.181,6.984,1606.068,1631.348,1580.787,10.656,ACC-NSE-2017-05-15-to-2017-08-15-60minute
2017-06-16T15:15:00+0530,1639.0,1647.45,1638.4,1643.0,63498,ACC,74.606,71.922,70.372,37.95,5.196,0.895,8.603,1608.5,1638.037,1578.963,10.541,ACC-NSE-2017-05-15-to-2017-08-15-60minute
2017-06-19T09:15:00+0530,1644.0,1657.0,1633.0,1652.55,69838,ACC,77.398,77.741,73.999,40.712,7.376,2.191,10.37,1611.565,1645.898,1577.232,11.502,ACC-NSE-2017-05-15-to-2017-08-15-60minute
2017-06-19T10:15:00+0530,1652.55,1653.0,1645.7,1646.1,21053,ACC,78.294,70.022,67.948,43.798,8.485,3.45,10.071,1614.323,1650.493,1578.152,11.202,ACC-NSE-2017-05-15-to-2017-08-15-60minute
2017-06-19T11:15:00+0530,1646.85,1651.95,1642.5,1648.3,17157,ACC,78.797,67.931,68.883,46.439,9.433,4.646,9.573,1616.978,1654.987,1578.968,11.077,ACC-NSE-2017-05-15-to-2017-08-15-60minute
2017-06-19T12:15:00+0530,1648.3,1652.0,1645.3,1646.1,12092,ACC,76.33,56.716,66.786,48.709,9.893,5.696,8.394,1619.393,1658.396,1580.389,10.764,ACC-NSE-2017-05-15-to-2017-08-15-60minute
2017-06-19T13:15:00+0530,1646.15,1649.4,1646.15,1647.8,12031,ACC,73.604,56.407,67.607,50.666,10.276,6.612,7.328,1621.87,1661.509,1582.231,10.231,ACC-NSE-2017-05-15-to-2017-08-15-60minute
2017-06-19T14:15:00+0530,1647.75,1647.8,1640.0,1642.8,33077,ACC,66.608,45.383,62.699,51.193,10.06,7.301,5.517,1624.193,1662.969,1585.416,10.058,ACC-NSE-2017-05-15-to-2017-08-15-60minute
2017-06-19T15:15:00+0530,1642.5,1642.5,1638.2,1638.2,22587,ACC,56.097,30.255,58.493,50.513,9.409,7.723,3.372,1626.053,1663.697,1588.408,9.668,ACC-NSE-2017-05-15-to-2017-08-15-60minute
2017-06-20T09:15:00+0530,1642.35,1649.45,1630.3,1648.8,38578,ACC,54.666,52.372,64.417,48.527,9.637,8.106,3.063,1628.358,1665.625,1591.09,10.345,ACC-NSE-2017-05-15-to-2017-08-15-60minute
2017-06-20T10:15:00+0530,1648.8,1649.0,1641.35,1643.15,19558,ACC,55.411,57.282,59.539,45.795,9.256,8.336,1.84,1630.61,1665.551,1595.669,10.153,ACC-NSE-2017-05-15-to-2017-08-15-60minute
2017-06-20T11:15:00+0530,1643.15,1645.0,1640.0,1642.15,7392,ACC,56.461,58.815,58.692,42.869,8.772,8.423,0.698,1632.728,1664.824,1600.631,9.784,ACC-NSE-2017-05-15-to-2017-08-15-60minute
2017-06-20T12:15:00+0530,1642.15,1654.0,1640.05,1649.35,52886,ACC,59.585,61.472,62.796,40.234,8.867,8.512,0.71,1635.24,1663.94,1606.54,10.082,ACC-NSE-2017-05-15-to-2017-08-15-60minute
2017-06-20T13:15:00+0530,1649.35,1655.0,1648.55,1651.5,27241,ACC,63.89,66.537,63.948,37.976,9.012,8.612,0.8,1637.115,1664.856,1609.374,9.823,ACC-NSE-2017-05-15-to-2017-08-15-60minute
2017-06-20T14:15:00+0530,1651.45,1653.7,1648.75,1652.75,38893,ACC,68.149,72.674,64.634,36.035,9.122,8.714,0.817,1639.063,1665.342,1612.783,9.475,ACC-NSE-2017-05-15-to-2017-08-15-60minute
2017-06-20T15:15:00+0530,1652.0,1655.6,1652.0,1655.0,15950,ACC,73.153,78.946,65.891,34.586,9.284,8.828,0.913,1640.813,1666.4,1615.225,9.055,ACC-NSE-2017-05-15-to-2017-08-15-60minute
2017-06-21T09:15:00+0530,1647.65,1661.0,1638.05,1653.25,55873,ACC,74.608,74.708,63.986,33.292,9.166,8.896,0.541,1642.605,1666.234,1618.976,10.047,ACC-NSE-2017-05-15-to-2017-08-15-60minute
2017-06-21T10:15:00+0530,1653.25,1654.0,1648.2,1650.05,14148,ACC,72.775,67.234,60.538,32.14,8.714,8.859,-0.291,1644.158,1665.195,1623.12,9.744,ACC-NSE-2017-05-15-to-2017-08-15-60minute
2017-06-21T11:15:00+0530,1650.05,1652.0,1648.95,1652.0,8331,ACC,70.628,65.084,61.886,31.118,8.415,8.77,-0.71,1645.858,1663.158,1628.557,9.266,ACC-NSE-2017-05-15-to-2017-08-15-60minute
2017-06-21T12:15:00+0530,1652.0,1656.9,1651.1,1655.0,30720,ACC,70.032,69.443,63.927,29.413,8.325,8.681,-0.712,1647.838,1658.089,1637.586,9.018,ACC-NSE-2017-05-15-to-2017-08-15-60minute
2017-06-21T13:15:00+0530,1655.0,1658.75,1649.2,1657.0,50418,ACC,71.161,73.676,65.263,27.607,8.319,8.609,-0.58,1648.743,1658.867,1638.618,9.056,ACC-NSE-2017-05-15-to-2017-08-15-60minute
2017-06-21T14:15:00+0530,1657.0,1659.8,1655.25,1657.6,57249,ACC,72.759,75.533,65.673,25.624,8.267,8.541,-0.546,1649.473,1659.953,1638.992,8.734,ACC-NSE-2017-05-15-to-2017-08-15-60minute
2017-06-21T15:15:00+0530,1657.6,1660.0,1655.7,1656.1,29001,ACC,72.575,71.651,63.648,23.565,8.013,8.435,-0.844,1649.65,1660.465,1638.835,8.418,ACC-NSE-2017-05-15-to-2017-08-15-60minute
2017-06-22T09:15:00+0530,1660.0,1665.5,1653.35,1656.0,73911,ACC,69.065,55.038,63.507,22.221,7.715,8.291,-1.153,1650.145,1661.179,1639.111,8.684,ACC-NSE-2017-05-15-to-2017-08-15-60minute
2017-06-22T10:15:00+0530,1656.0,1658.8,1650.5,1656.6,30835,ACC,64.875,50.247,64.021,20.824,7.441,8.121,-1.361,1650.56,1661.922,1639.198,8.657,ACC-NSE-2017-05-15-to-2017-08-15-60minute
2017-06-22T11:15:00+0530,1656.6,1660.0,1651.1,1660.0,163746,ACC,62.841,54.609,66.867,19.636,7.412,7.979,-1.134,1651.255,1663.156,1639.354,8.674,ACC-NSE-2017-05-15-to-2017-08-15-60minute
2017-06-22T12:15:00+0530,1660.0,1663.45,1654.1,1661.3,125652,ACC,62.955,64.206,67.912,19.124,7.409,7.865,-0.912,1651.93,1664.517,1639.343,8.722,ACC-NSE-2017-05-15-to-2017-08-15-60minute
2017-06-22T13:15:00+0530,1661.3,1667.0,1660.1,1665.8,39310,ACC,66.314,73.621,71.288,19.474,7.682,7.829,-0.294,1653.08,1666.34,1639.82,8.592,ACC-NSE-2017-05-15-to-2017-08-15-60minute
2017-06-22T14:15:00+0530,1666.2,1674.05,1648.0,1649.0,119157,ACC,60.865,50.36,50.096,19.544,6.467,7.556,-2.178,1653.62,1665.087,1642.153,9.839,ACC-NSE-2017-05-15-to-2017-08-15-60minute
2017-06-22T15:15:00+0530,1648.15,1650.95,1646.0,1648.0,23102,ACC,52.473,35.95,49.159,19.642,5.362,7.118,-3.51,1653.58,1665.123,1642.037,9.49,ACC-NSE-2017-05-15-to-2017-08-15-60minute
2017-06-23T09:15:00+0530,1653.9,1655.95,1635.75,1645.05,47271,ACC,45.61,32.061,46.403,20.569,4.2,6.534,-4.668,1653.675,1664.883,1642.467,10.255,ACC-NSE-2017-05-15-to-2017-08-15-60minute
2017-06-23T10:15:00+0530,1645.0,1649.0,1640.35,1644.35,22382,ACC,39.988,35.565,45.747,21.979,3.186,5.864,-5.357,1653.785,1664.551,1643.019,10.14,ACC-NSE-2017-05-15-to-2017-08-15-60minute
2017-06-23T11:15:00+0530,1644.35,1646.85,1626.4,1630.75,21350,ACC,34.06,28.617,35.31,24.329,1.27,4.946,-7.351,1652.855,1667.682,1638.028,10.877,ACC-NSE-2017-05-15-to-2017-08-15-60minute
2017-06-23T12:15:00+0530,1630.75,1640.5,1629.5,1632.35,17832,ACC,29.878,27.854,37.127,27.184,-0.118,3.933,-8.101,1651.898,1669.336,1634.459,10.886,ACC-NSE-2017-05-15-to-2017-08-15-60minute
2017-06-23T13:15:00+0530,1632.35,1636.9,1627.0,1635.15,12526,ACC,27.99,32.832,40.289,30.35,-0.98,2.95,-7.861,1651.018,1669.984,1632.051,10.815,ACC-NSE-2017-05-15-to-2017-08-15-60minute
2017-06-23T14:15:00+0530,1635.1,1639.45,1629.05,1637.0,27472,ACC,29.252,46.579,42.351,33.115,-1.497,2.061,-7.116,1650.118,1669.976,1630.259,10.786,ACC-NSE-2017-05-15-to-2017-08-15-60minute
2017-06-23T15:15:00+0530,1637.05,1643.0,1635.6,1643.0,22788,ACC,35.582,64.386,48.558,34.898,-1.407,1.367,-5.548,1649.605,1669.651,1629.559,10.544,ACC-NSE-2017-05-15-to-2017-08-15-60minute
2017-06-27T09:15:00+0530,1641.0,1642.0,1603.05,1604.05,48462,ACC,34.72,43.758,27.705,37.29,-4.427,0.208,-9.271,1647.305,1675.878,1618.732,12.644,ACC-NSE-2017-05-15-to-2017-08-15-60minute
2017-06-27T10:15:00+0530,1604.05,1605.75,1590.05,1594.55,46933,ACC,31.423,32.005,24.897,40.189,-7.5,-1.333,-12.334,1644.433,1681.351,1607.514,12.862,ACC-NSE-2017-05-15-to-2017-08-15-60minute
2017-06-27T11:15:00+0530,1594.55,1600.5,1593.0,1596.7,19564,ACC,27.862,25.604,26.708,43.302,-9.652,-2.997,-13.309,1641.518,1683.747,1599.288,12.479,ACC-NSE-2017-05-15-to-2017-08-15-60minute
2017-06-27T12:15:00+0530,1596.7,1598.0,1585.6,1586.05,33892,ACC,23.271,17.814,23.664,46.549,-12.076,-4.813,-14.527,1637.97,1686.215,1589.725,12.474,ACC-NSE-2017-05-15-to-2017-08-15-60minute
2017-06-27T13:15:00+0530,1586.1,1590.4,1580.3,1582.35,45427,ACC,19.014,15.259,22.697,49.835,-14.134,-6.677,-14.914,1634.208,1687.482,1580.933,12.304,ACC-NSE-2017-05-15-to-2017-08-15-60minute
2017-06-27T14:15:00+0530,1582.95,1592.25,1576.45,1581.45,123775,ACC,16.905,17.906,22.456,53.078,-15.656,-8.473,-14.367,1630.475,1687.611,1573.339,12.554,ACC-NSE-2017-05-15-to-2017-08-15-60minute
2017-06-27T15:15:00+0530,1581.1,1582.5,1570.1,1575.6,38880,ACC,16.1,20.214,20.905,56.255,-17.138,-10.206,-13.864,1626.455,1687.228,1565.682,12.543,ACC-NSE-2017-05-15-to-2017-08-15-60minute
2017-06-28T09:15:00+0530,1574.65,1574.65,1541.25,1550.75,224412,ACC,15.813,19.685,15.886,59.488,-20.085,-12.182,-15.807,1621.163,1688.917,1553.408,14.101,ACC-NSE-2017-05-15-to-2017-08-15-60minute
2017-06-28T10:15:00+0530,1550.35,1584.0,1548.05,1576.9,140213,ACC,21.695,40.921,33.877,61.751,-20.08,-13.761,-12.637,1617.008,1684.925,1549.09,15.661,ACC-NSE-2017-05-15-to-2017-08-15-60minute
2017-06-28T11:15:00+0530,1576.9,1584.0,1573.45,1575.6,95139,ACC,29.383,54.064,33.493,63.327,-19.95,-14.999,-9.902,1612.723,1679.681,1545.764,15.296,ACC-NSE-2017-05-15-to-2017-08-15-60minute
2017-06-28T12:15:00+0530,1575.6,1581.9,1573.05,1578.3,33863,ACC,39.164,64.091,35.136,64.427,-19.406,-15.88,-7.051,1608.348,1672.06,1544.635,14.836,ACC-NSE-2017-05-15-to-2017-08-15-60minute
2017-06-28T13:15:00+0530,1578.3,1587.0,1575.05,1585.75,46563,ACC,49.968,73.074,39.571,64.608,-18.164,-16.337,-3.654,1605.185,1666.64,1543.73,14.63,ACC-NSE-2017-05-15-to-2017-08-15-60minute
2017-06-28T14:15:00+0530,1585.6,1590.4,1576.05,1579.85,106564,ACC,57.56,61.78,37.39,63.833,-17.455,-16.561,-1.788,1601.778,1660.744,1542.811,14.61,ACC-NSE-2017-05-15-to-2017-08-15-60minute
2017-06-28T15:15:00+0530,1579.85,1583.3,1577.8,1578.05,52599,ACC,57.741,47.701,36.726,62.489,-16.844,-16.617,-0.453,1598.428,1654.589,1542.266,13.959,ACC-NSE-2017-05-15-to-2017-08-15-60minute
2017-06-29T09:15:00+0530,1588.85,1610.0,1588.2,1604.8,82033,ACC,60.953,60.029,50.743,60.105,-14.039,-16.102,4.125,1596.45,1648.433,1544.467,15.244,ACC-NSE-2017-05-15-to-2017-08-15-60minute
2017-06-29T10:15:00+0530,1604.8,1608.5,1600.6,1607.5,26309,ACC,65.925,70.765,51.901,57.157,-11.466,-15.175,7.416,1595.288,1645.032,1545.543,14.719,ACC-NSE-2017-05-15-to-2017-08-15-60minute
2017-06-29T11:15:00+0530,1607.5,1610.0,1605.25,1608.2,22591,ACC,71.331,77.757,52.214,54.049,-9.264,-13.993,9.457,1594.08,1641.137,1547.023,14.007,ACC-NSE-2017-05-15-to-2017-08-15-60minute
2017-06-29T12:15:00+0530,1608.2,1611.9,1595.15,1600.0,30685,ACC,73.042,61.49,48.245,50.236,-8.087,-12.812,9.448,1592.323,1635.376,1549.269,14.203,ACC-NSE-2017-05-15-to-2017-08-15-60minute
2017-06-29T13:15:00+0530,1599.9,1602.9,1582.7,1585.3,45021,ACC,66.676,43.961,42.07,46.871,-8.246,-11.898,7.305,1589.738,1627.362,1552.113,14.632,ACC-NSE-2017-05-15-to-2017-08-15-60minute
2017-06-29T14:15:00+0530,1585.6,1598.4,1572.1,1579.4,145483,ACC,58.476,35.421,39.865,44.388,-8.747,-11.268,5.043,1586.558,1614.811,1558.304,15.465,ACC-NSE-2017-05-15-to-2017-08-15-60minute
2017-06-29T15:15:00+0530,1581.9,1585.8,1577.05,1579.95,120726,ACC,50.526,32.11,40.18,42.544,-8.996,-10.814,3.636,1585.353,1612.499,1558.206,14.985,ACC-NSE-2017-05-15-to-2017-08-15-60minute
2017-06-30T09:15:00+0530,1573.0,1576.75,1563.0,1566.45,61698,ACC,42.162,24.655,35.295,41.701,-10.165,-10.684,1.038,1583.948,1611.984,1555.911,15.126,ACC-NSE-2017-05-15-to-2017-08-15-60minute
2017-06-30T10:15:00+0530,1566.45,1574.9,1557.4,1559.7,43525,ACC,34.322,19.136,33.127,41.684,-11.504,-10.848,-1.312,1582.098,1611.443,1552.752,15.295,ACC-NSE-2017-05-15-to-2017-08-15-60minute
2017-06-30T11:15:00+0530,1559.7,1569.2,1559.6,1569.2,28301,ACC,30.222,33.085,38.823,42.183,-11.664,-11.011,-1.306,1581.255,1611.086,1551.424,14.888,ACC-NSE-2017-05-15-to-2017-08-15-60minute
2017-06-30T12:15:00+0530,1569.2,1574.3,1560.2,1566.75,34869,ACC,28.7,39.866,37.926,42.399,-11.852,-11.179,-1.345,1580.475,1610.994,1549.956,14.832,ACC-NSE-2017-05-15-to-2017-08-15-60minute
2017-06-30T13:15:00+0530,1566.75,1568.0,1555.45,1561.6,24138,ACC,28.042,37.453,36.041,42.65,-12.275,-11.398,-1.753,1579.483,1611.138,1547.827,14.669,ACC-NSE-2017-05-15-to-2017-08-15-60minute
2017-06-30T14:15:00+0530,1561.6,1569.75,1559.55,1566.2,49024,ACC,30.776,43.978,38.96,42.697,-12.099,-11.539,-1.121,1579.013,1611.185,1546.84,14.35,ACC-NSE-2017-05-15-to-2017-08-15-60minute
2017-06-30T15:15:00+0530,1566.4,1570.0,1564.85,1569.85,29258,ACC,37.059,62.309,41.251,42.582,-11.533,-11.537,0.009,1579.968,1609.645,1550.29,13.693,ACC-NSE-2017-05-15-to-2017-08-15-60minute
2017-07-03T09:15:00+0530,1576.15,1588.0,1566.95,1578.0,136032,ACC,43.431,63.156,46.115,41.398,-10.307,-11.291,1.968,1580.023,1609.68,1550.365,14.218,ACC-NSE-2017-05-15-to-2017-08-15-60minute
2017-07-03T10:15:00+0530,1578.0,1583.75,1575.2,1576.9,22212,ACC,48.76,59.455,45.566,39.588,-9.318,-10.897,3.158,1580.088,1609.71,1550.465,13.813,ACC-NSE-2017-05-15-to-2017-08-15-60minute
2017-07-03T11:15:00+0530,1576.9,1580.0,1575.1,1576.1,118813,ACC,52.174,54.126,45.146,37.442,-8.5,-10.417,3.835,1579.978,1609.644,1550.311,13.177,ACC-NSE-2017-05-15-to-2017-08-15-60minute
2017-07-03T12:15:00+0530,1576.1,1587.5,1576.0,1581.05,36581,ACC,55.67,52.078,48.323,35.756,-7.367,-9.807,4.88,1579.743,1609.291,1550.194,13.057,ACC-NSE-2017-05-15-to-2017-08-15-60minute
2017-07-03T13:15:00+0530,1581.4,1590.6,1578.05,1586.4,47829,ACC,60.176,59.02,51.587,34.629,-5.969,-9.04,6.141,1580.07,1609.768,1550.372,13.021,ACC-NSE-2017-05-15-to-2017-08-15-60minute
2017-07-03T14:15:00+0530,1586.4,1590.0,1581.5,1587.75,50101,ACC,64.56,66.173,52.404,33.893,-4.698,-8.171,6.946,1580.555,1610.431,1550.679,12.698,ACC-NSE-2017-05-15-to-2017-08-15-60minute
2017-07-03T15:15:00+0530,1587.6,1589.65,1583.0,1586.0,29307,ACC,67.149,65.231,51.198,33.427,-3.788,-7.295,7.013,1579.615,1607.388,1551.842,12.266,ACC-NSE-2017-05-15-to-2017-08-15-60minute
2017-07-04T09:15:00+0530,1593.0,1603.55,1581.65,1591.0,47381,ACC,66.888,57.849,54.425,34.0,-2.634,-6.362,7.458,1578.79,1603.931,1553.649,12.954,ACC-NSE-2017-05-15-to-2017-08-15-60minute
2017-07-04T10:15:00+0530,1591.0,1592.45,1576.0,1583.9,33693,ACC,62.527,48.124,49.427,34.388,-2.265,-5.543,6.556,1577.575,1598.77,1556.38,13.204,ACC-NSE-2017-05-15-to-2017-08-15-60minute
2017-07-04T11:15:00+0530,1583.9,1584.9,1570.0,1575.55,28291,ACC,55.479,37.597,44.277,33.921,-2.617,-4.958,4.682,1576.353,1594.736,1557.969,13.325,ACC-NSE-2017-05-15-to-2017-08-15-60minute
2017-07-04T12:15:00+0530,1575.55,1579.7,1572.05,1578.15,10722,ACC,48.881,37.166,46.158,32.935,-2.655,-4.497,3.684,1575.995,1593.918,1558.072,12.92,ACC-NSE-2017-05-15-to-2017-08-15-60minute
2017-07-04T13:15:00+0530,1578.15,1585.6,1578.15,1583.2,20316,ACC,44.889,52.982,49.709,32.164,-2.252,-4.048,3.592,1576.185,1594.339,1558.031,12.529,ACC-NSE-2017-05-15-to-2017-08-15-60minute
2017-07-04T14:15:00+0530,1583.2,1585.7,1578.3,1581.2,32692,ACC,43.67,57.666,48.349,31.562,-2.07,-3.653,3.165,1576.248,1594.465,1558.03,12.163,ACC-NSE-2017-05-15-to-2017-08-15-60minute
2017-07-04T15:15:00+0530,1581.2,1584.0,1578.15,1580.0,20075,ACC,45.354,46.612,47.509,31.063,-2.0,-3.322,2.645,1576.925,1594.608,1559.242,11.712,ACC-NSE-2017-05-15-to-2017-08-15-60minute
2017-07-05T09:15:00+0530,1582.95,1584.8,1572.05,1575.7,56893,ACC,44.034,39.988,44.524,29.703,-2.265,-3.11,1.692,1577.725,1593.468,1561.982,11.786,ACC-NSE-2017-05-15-to-2017-08-15-60minute
2017-07-05T10:15:00+0530,1575.7,1583.1,1573.05,1580.55,137056,ACC,45.473,48.881,48.458,27.854,-2.06,-2.9,1.681,1578.293,1593.553,1563.032,11.662,ACC-NSE-2017-05-15-to-2017-08-15-60minute
2017-07-05T11:15:00+0530,1580.55,1591.45,1577.75,1584.15,39213,ACC,47.991,53.378,51.222,26.723,-1.588,-2.638,2.099,1579.163,1593.614,1564.711,11.807,ACC-NSE-2017-05-15-to-2017-08-15-60minute
2017-07-05T12:15:00+0530,1584.15,1594.4,1583.3,1591.65,23740,ACC,53.521,64.625,56.462,26.336,-0.603,-2.231,3.256,1580.665,1593.597,1567.733,11.757,ACC-NSE-2017-05-15-to-2017-08-15-60minute
2017-07-05T13:15:00+0530,1591.65,1594.0,1586.0,1591.2,19943,ACC,59.553,70.01,56.073,26.429,0.14,-1.757,3.794,1581.915,1593.746,1570.084,11.489,ACC-NSE-2017-05-15-to-2017-08-15-60minute
2017-07-05T14:15:00+0530,1593.75,1595.95,1588.1,1592.45,42463,ACC,65.029,70.784,56.96,27.004,0.821,-1.241,4.124,1583.045,1594.329,1571.761,11.229,ACC-NSE-2017-05-15-to-2017-08-15-60minute
2017-07-05T15:15:00+0530,1592.05,1599.0,1591.1,1597.65,19386,ACC,70.643,77.061,60.533,28.129,1.759,-0.641,4.801,1584.028,1596.787,1571.268,10.991,ACC-NSE-2017-05-15-to-2017-08-15-60minute
2017-07-06T09:15:00+0530,1599.95,1607.2,1588.0,1602.3,46897,ACC,74.122,76.201,63.454,30.08,2.846,0.056,5.579,1585.298,1599.981,1570.614,11.577,ACC-NSE-2017-05-15-to-2017-08-15-60minute
2017-07-06T10:15:00+0530,1602.3,1604.75,1599.1,1603.95,15244,ACC,76.84,78.491,64.459,32.477,3.796,0.804,5.983,1586.69,1602.904,1570.476,11.154,ACC-NSE-2017-05-15-to-2017-08-15-60minute
2017-07-06T11:15:00+0530,1603.95,1618.45,1601.25,1615.0,57479,ACC,79.363,81.884,70.342,35.577,5.379,1.719,7.319,1588.388,1608.705,1568.07,11.586,ACC-NSE-2017-05-15-to-2017-08-15-60minute
2017-07-06T12:15:00+0530,1615.0,1621.45,1612.35,1616.1,49982,ACC,81.0,79.944,70.859,39.078,6.645,2.704,7.881,1589.873,1613.629,1566.116,11.408,ACC-NSE-2017-05-15-to-2017-08-15-60minute
2017-07-06T13:15:00+0530,1616.1,1616.1,1608.0,1611.1,33697,ACC,80.4,69.55,65.287,41.875,7.163,3.596,7.133,1591.04,1616.585,1565.495,11.172,ACC-NSE-2017-05-15-to-2017-08-15-60minute
2017-07-06T14:15:00+0530,1611.1,1616.0,1609.8,1611.95,55419,ACC,77.589,56.156,65.78,44.131,7.554,4.388,6.333,1592.338,1619.396,1565.279,10.817,ACC-NSE-2017-05-15-to-2017-08-15-60minute
2017-07-06T15:15:00+0530,1611.95,1614.0,1610.05,1612.7,23275,ACC,74.017,56.779,66.235,45.969,7.835,5.077,5.516,1593.423,1621.955,1564.89,10.326,ACC-NSE-2017-05-15-to-2017-08-15-60minute
2017-07-07T09:15:00+0530,1610.8,1619.35,1605.4,1612.2,55532,ACC,68.912,54.101,65.608,47.789,7.926,5.647,4.558,1594.838,1624.177,1565.498,10.585,ACC-NSE-2017-05-15-to-2017-08-15-60minute
2017-07-07T10:15:00+0530,1612.2,1621.0,1609.0,1617.35,46518,ACC,67.498,61.602,68.875,49.614,8.317,6.181,4.273,1596.928,1626.437,1567.418,10.686,ACC-NSE-2017-05-15-to-2017-08-15-60minute
2017-07-07T11:15:00+0530,1617.35,1626.65,1615.6,1625.0,125952,ACC,69.618,71.813,72.981,51.619,9.14,6.773,4.734,1599.27,1629.919,1568.621,10.712,ACC-NSE-2017-05-15-to-2017-08-15-60minute
2017-07-07T12:15:00+0530,1625.0,1627.75,1612.0,1612.55,266388,ACC,66.38,54.186,59.276,52.85,8.686,7.155,3.062,1600.738,1630.954,1570.521,11.072,ACC-NSE-2017-05-15-to-2017-08-15-60minute
2017-07-07T13:15:00+0530,1612.55,1619.5,1605.65,1614.0,68844,ACC,61.84,48.718,60.213,52.418,8.348,7.394,1.908,1602.378,1631.676,1573.079,11.27,ACC-NSE-2017-05-15-to-2017-08-15-60minute
2017-07-07T14:15:00+0530,1614.0,1614.9,1606.5,1608.35,47323,ACC,54.309,36.551,54.911,50.961,7.537,7.423,0.229,1603.795,1631.218,1576.372,11.065,ACC-NSE-2017-05-15-to-2017-08-15-60minute
2017-07-07T15:15:00+0530,1609.0,1612.0,1604.05,1606.9,26934,ACC,46.264,30.516,53.606,48.5,6.7,7.278,-1.156,1605.355,1629.389,1581.321,10.843,ACC-NSE-2017-05-15-to-2017-08-15-60minute
2017-07-10T12:30:00+0530,1615.25,1625.0,1615.25,1622.1,17819,ACC,46.01,49.063,63.418,46.735,7.181,7.259,-0.156,1607.433,1629.545,1585.32,11.361,ACC-NSE-2017-05-15-to-2017-08-15-60minute
2017-07-10T13:30:00+0530,1622.1,1635.0,1620.0,1626.95,32729,ACC,49.006,57.372,65.897,45.983,7.862,7.379,0.966,1609.573,1630.447,1588.698,11.621,ACC-NSE-2017-05-15-to-2017-08-15-60minute
2017-07-10T14:30:00+0530,1626.95,1632.5,1625.0,1628.5,29039,ACC,53.67,60.611,66.674,45.891,8.43,7.59,1.682,1611.415,1632.134,1590.696,11.327,ACC-NSE-2017-05-15-to-2017-08-15-60minute
2017-07-11T09:15:00+0530,1631.05,1650.4,1626.2,1641.1,94848,ACC,58.661,63.543,72.216,46.793,9.784,8.029,3.512,1613.91,1636.327,1591.493,12.246,ACC-NSE-2017-05-15-to-2017-08-15-60minute
2017-07-11T10:15:00+0530,1641.05,1653.15,1640.95,1651.05,64136,ACC,64.857,73.209,75.659,48.345,11.528,8.728,5.598,1616.84,1642.527,1591.153,12.243,ACC-NSE-2017-05-15-to-2017-08-15-60minute
2017-07-11T11:15:00+0530,1651.05,1656.7,1649.0,1652.35,54217,ACC,70.199,77.385,76.076,50.324,12.866,9.556,6.62,1619.575,1648.145,1591.005,11.918,ACC-NSE-2017-05-15-to-2017-08-15-60minute
2017-07-11T12:15:00+0530,1652.35,1655.0,1647.95,1651.0,23293,ACC,73.886,72.86,74.646,52.322,13.66,10.377,6.566,1622.01,1652.61,1591.41,11.571,ACC-NSE-2017-05-15-to-2017-08-15-60minute
2017-07-11T13:15:00+0530,1651.0,1656.85,1645.7,1652.45,29329,ACC,76.831,68.753,75.185,53.865,14.242,11.15,6.184,1624.435,1656.653,1592.217,11.541,ACC-NSE-2017-05-15-to-2017-08-15-60minute
2017-07-11T14:15:00+0530,1653.4,1653.8,1646.0,1649.8,49082,ACC,75.788,58.092,72.162,55.067,14.324,11.785,5.079,1626.175,1659.968,1592.382,11.273,ACC-NSE-2017-05-15-to-2017-08-15-60minute
2017-07-11T15:15:00+0530,1649.6,1655.1,1648.95,1652.1,24889,ACC,73.281,57.861,73.17,56.08,14.409,12.309,4.199,1627.975,1663.309,1592.641,10.908,ACC-NSE-2017-05-15-to-2017-08-15-60minute
2017-07-12T09:15:00+0530,1660.0,1671.95,1660.0,1670.55,99516,ACC,74.543,70.109,79.565,57.497,15.783,13.004,5.557,1630.948,1670.1,1591.795,11.546,ACC-NSE-2017-05-15-to-2017-08-15-60minute
2017-07-12T10:15:00+0530,1670.95,1689.0,1669.2,1680.0,113542,ACC,75.623,72.582,81.939,59.371,17.433,13.89,7.087,1634.35,1678.108,1590.592,12.136,ACC-NSE-2017-05-15-to-2017-08-15-60minute
2017-07-12T11:15:00+0530,1680.0,1686.0,1678.5,1685.5,86128,ACC,77.907,77.698,83.165,61.465,18.966,14.905,8.123,1637.99,1686.064,1589.916,11.805,ACC-NSE-2017-05-15-to-2017-08-15-60minute
2017-07-12T12:15:00+0530,1685.5,1694.6,1685.0,1690.8,77685,ACC,80.452,80.145,84.273,63.717,20.374,15.999,8.751,1641.92,1693.816,1590.024,11.647,ACC-NSE-2017-05-15-to-2017-08-15-60minute
2017-07-12T13:15:00+0530,1690.8,1697.45,1689.05,1697.15,69793,ACC,83.666,86.236,85.504,66.014,21.752,17.15,9.204,1645.91,1701.957,1589.863,11.415,ACC-NSE-2017-05-15-to-2017-08-15-60minute
2017-07-12T14:15:00+0530,1697.2,1708.0,1696.5,1704.75,198551,ACC,85.979,86.114,86.833,68.345,23.189,18.358,9.664,1649.898,1710.816,1588.979,11.421,ACC-NSE-2017-05-15-to-2017-08-15-60minute
2017-07-12T15:15:00+0530,1705.0,1710.0,1702.0,1703.0,67131,ACC,86.096,79.605,84.903,70.629,23.912,19.468,8.887,1654.42,1717.07,1591.77,11.177,ACC-NSE-2017-05-15-to-2017-08-15-60minute
2017-07-13T09:15:00+0530,1708.0,1721.15,1702.4,1705.85,198870,ACC,82.99,65.714,85.469,72.869,24.433,20.461,7.943,1659.013,1722.645,1595.38,11.718,ACC-NSE-2017-05-15-to-2017-08-15-60minute
2017-07-13T10:15:00+0530,1705.85,1707.2,1695.8,1704.7,65338,ACC,77.805,55.512,84.099,74.084,24.47,21.263,6.415,1663.83,1725.882,1601.778,11.695,ACC-NSE-2017-05-15-to-2017-08-15-60minute
2017-07-13T11:15:00+0530,1705.7,1707.2,1690.75,1693.55,44871,ACC,67.88,40.078,72.036,73.986,23.332,21.677,3.31,1668.163,1725.391,1610.934,12.035,ACC-NSE-2017-05-15-to-2017-08-15-60minute
2017-07-13T12:15:00+0530,1693.55,1700.0,1690.3,1698.65,28035,ACC,58.933,43.188,73.882,73.012,22.581,21.858,1.446,1671.99,1726.418,1617.562,11.868,ACC-NSE-2017-05-15-to-2017-08-15-60minute
2017-07-13T13:15:00+0530,1698.65,1701.0,1695.0,1696.0,18158,ACC,50.462,40.035,71.251,71.575,21.523,21.791,-0.535,1675.443,1726.496,1624.389,11.449,ACC-NSE-2017-05-15-to-2017-08-15-60minute
2017-07-13T14:15:00+0530,1696.0,1707.45,1695.0,1704.85,53520,ACC,50.517,54.97,74.515,70.198,21.156,21.664,-1.016,1679.26,1726.834,1631.686,11.52,ACC-NSE-2017-05-15-to-2017-08-15-60minute
2017-07-13T15:15:00+0530,1704.85,1705.7,1698.9,1700.1,27245,ACC,51.277,50.301,69.926,68.906,20.248,21.381,-2.266,1682.21,1727.06,1637.36,11.183,ACC-NSE-2017-05-15-to-2017-08-15-60minute
2017-07-14T09:15:00+0530,1699.9,1717.5,1698.8,1716.7,106685,ACC,56.702,65.682,75.585,68.144,20.63,21.23,-1.201,1685.493,1730.349,1640.636,11.72,ACC-NSE-2017-05-15-to-2017-08-15-60minute
2017-07-14T10:15:00+0530,1716.7,1731.45,1715.0,1722.6,111803,ACC,61.226,68.086,77.225,68.04,21.165,21.217,-0.105,1689.005,1733.936,1644.074,12.058,ACC-NSE-2017-05-15-to-2017-08-15-60minute
2017-07-14T11:15:00+0530,1723.95,1723.95,1714.05,1718.0,39731,ACC,63.445,64.993,73.101,68.214,20.976,21.169,-0.387,1692.355,1735.303,1649.407,11.904,ACC-NSE-2017-05-15-to-2017-08-15-60minute
2017-07-14T12:15:00+0530,1717.45,1723.0,1715.1,1719.5,107167,ACC,64.426,53.769,73.596,68.554,20.708,21.077,-0.737,1695.708,1735.92,1655.495,11.618,ACC-NSE-2017-05-15-to-2017-08-15-60minute
2017-07-14T13:15:00+0530,1719.5,1741.2,1718.0,1741.0,148719,ACC,68.763,68.934,79.438,69.308,21.978,21.257,1.441,1700.268,1739.225,1661.31,12.445,ACC-NSE-2017-05-15-to-2017-08-15-60minute
2017-07-14T14:15:00+0530,1741.0,1751.9,1733.85,1750.75,181859,ACC,73.823,78.248,81.443,70.406,23.5,21.706,3.588,1705.2,1743.453,1666.947,12.845,ACC-NSE-2017-05-15-to-2017-08-15-60minute
2017-07-14T15:15:00+0530,1751.0,1769.6,1750.05,1769.45,91556,ACC,78.951,85.401,84.555,71.808,25.916,22.548,6.737,1710.145,1754.605,1665.685,13.324,ACC-NSE-2017-05-15-to-2017-08-15-60minute
2017-07-17T09:15:00+0530,1761.15,1776.9,1745.1,1754.35,240117,ACC,79.514,72.807,73.796,73.388,26.309,23.3,6.019,1713.863,1760.107,1667.618,14.644,ACC-NSE-2017-05-15-to-2017-08-15-60minute
2017-07-17T10:15:00+0530,1754.35,1754.5,1743.0,1752.2,87922,ACC,77.381,57.584,72.384,74.773,26.146,23.869,4.554,1717.198,1764.439,1669.956,14.419,ACC-NSE-2017-05-15-to-2017-08-15-60minute
2017-07-17T11:15:00+0530,1752.2,1753.95,1746.5,1747.1,98254,ACC,71.255,42.421,69.01,75.988,25.313,24.158,2.311,1720.013,1767.341,1672.684,13.922,ACC-NSE-2017-05-15-to-2017-08-15-60minute
2017-07-17T12:15:00+0530,1747.1,1753.0,1747.1,1749.7,72055,ACC,62.811,47.701,69.783,77.052,24.58,24.242,0.675,1722.64,1770.456,1674.824,13.349,ACC-NSE-2017-05-15-to-2017-08-15-60minute
2017-07-17T13:15:00+0530,1749.7,1751.5,1748.0,1749.0,162556,ACC,54.046,42.986,69.282,77.984,23.669,24.128,-0.917,1724.853,1773.275,1676.43,12.645,ACC-NSE-2017-05-15-to-2017-08-15-60minute
2017-07-17T14:15:00+0530,1749.0,1750.6,1728.1,1748.8,270747,ACC,52.857,56.368,69.129,76.296,22.67,23.836,-2.332,1727.143,1775.545,1678.74,13.349,ACC-NSE-2017-05-15-to-2017-08-15-60minute
2017-07-17T15:15:00+0530,1748.0,1751.9,1745.3,1751.9,86731,ACC,56.686,70.912,70.225,73.116,21.876,23.444,-3.136,1729.445,1777.964,1680.926,12.867,ACC-NSE-2017-05-15-to-2017-08-15-60minute
2017-07-18T09:15:00+0530,1780.0,1808.95,1764.6,1782.3,1175002,ACC,59.538,69.621,78.344,70.855,23.43,23.441,-0.023,1733.325,1785.765,1680.885,16.023,ACC-NSE-2017-05-15-to-2017-08-15-60minute
2017-07-18T10:15:00+0530,1783.0,1789.9,1776.15,1784.95,192674,ACC,62.003,67.178,78.885,69.25,24.592,23.672,1.841,1737.895,1791.654,1684.136,15.861,ACC-NSE-2017-05-15-to-2017-08-15-60minute
2017-07-18T11:15:00+0530,1784.95,1787.0,1778.4,1782.25,79094,ACC,63.651,58.051,76.782,68.112,25.006,23.939,2.136,1742.075,1795.986,1688.164,15.342,ACC-NSE-2017-05-15-to-2017-08-15-60minute
2017-07-18T12:15:00+0530,1782.25,1783.0,1780.05,1780.85,81510,ACC,63.517,50.095,75.656,67.306,24.935,24.138,1.594,1746.318,1798.281,1694.354,14.457,ACC-NSE-2017-05-15-to-2017-08-15-60minute
2017-07-18T13:15:00+0530,1780.85,1785.6,1780.75,1782.75,124269,ACC,60.947,50.257,76.167,66.793,24.746,24.259,0.973,1750.213,1800.747,1699.678,13.771,ACC-NSE-2017-05-15-to-2017-08-15-60minute
2017-07-18T14:15:00+0530,1782.75,1783.0,1751.0,1763.8,347717,ACC,56.689,45.836,62.156,64.253,22.804,23.968,-2.328,1753.398,1798.355,1708.44,15.073,ACC-NSE-2017-05-15-to-2017-08-15-60minute
2017-07-18T15:15:00+0530,1763.8,1765.0,1747.0,1756.65,119314,ACC,51.178,38.891,57.833,60.409,20.453,23.265,-5.625,1755.395,1796.906,1713.884,15.282,ACC-NSE-2017-05-15-to-2017-08-15-60minute
2017-07-19T09:15:00+0530,1767.75,1775.0,1729.35,1734.45,170346,ACC,44.05,29.096,46.922,56.658,16.606,21.933,-10.654,1755.988,1795.832,1716.143,17.451,ACC-NSE-2017-05-15-to-2017-08-15-60minute
2017-07-19T10:15:00+0530,1734.45,1739.1,1725.3,1734.05,61167,ACC,37.6,25.266,46.751,53.248,13.372,20.221,-13.699,1756.79,1793.971,1719.609,17.19,ACC-NSE-2017-05-15-to-2017-08-15-60minute
2017-07-19T11:15:00+0530,1734.05,1735.1,1727.0,1731.0,39746,ACC,31.653,20.667,45.391,50.175,10.442,18.265,-15.647,1757.365,1792.412,1722.318,16.541,ACC-NSE-2017-05-15-to-2017-08-15-60minute
2017-07-19T12:15:00+0530,1731.0,1734.1,1727.2,1731.3,30904,ACC,26.834,28.271,45.559,47.421,8.051,16.222,-16.343,1756.88,1793.128,1720.632,15.852,ACC-NSE-2017-05-15-to-2017-08-15-60minute
2017-07-19T13:15:00+0530,1731.3,1733.5,1729.4,1733.4,28636,ACC,23.522,45.185,46.791,44.965,6.254,14.229,-15.95,1756.013,1793.681,1718.344,15.013,ACC-NSE-2017-05-15-to-2017-08-15-60minute
2017-07-19T14:15:00+0530,1733.35,1737.95,1731.0,1734.0,68681,ACC,26.441,51.208,47.159,42.348,4.822,12.347,-15.05,1754.24,1792.577,1715.903,14.437,ACC-NSE-2017-05-15-to-2017-08-15-60minute
2017-07-19T15:15:00+0530,1734.0,1736.75,1731.7,1735.0,32441,ACC,32.918,55.971,47.806,39.724,3.726,10.623,-13.795,1753.273,1792.562,1713.983,13.766,ACC-NSE-2017-05-15-to-2017-08-15-60minute
2017-07-20T09:15:00+0530,1739.85,1758.2,1736.2,1748.5,119996,ACC,39.774,58.76,55.701,37.703,3.901,9.279,-10.756,1753.088,1792.433,1713.742,14.44,ACC-NSE-2017-05-15-to-2017-08-15-60minute
2017-07-20T10:15:00+0530,1748.5,1749.4,1737.3,1743.35,53404,ACC,43.783,53.828,52.442,36.132,3.583,8.139,-9.113,1752.9,1792.401,1713.399,14.273,ACC-NSE-2017-05-15-to-2017-08-15-60minute
2017-07-20T11:15:00+0530,1743.3,1743.95,1721.0,1728.1,50162,ACC,42.821,42.247,44.197,34.105,2.076,6.927,-9.701,1751.82,1792.842,1710.798,14.893,ACC-NSE-2017-05-15-to-2017-08-15-60minute
2017-07-20T12:15:00+0530,1728.1,1728.75,1715.85,1716.0,63091,ACC,37.675,28.314,38.962,32.171,-0.093,5.523,-11.232,1750.17,1794.213,1706.127,14.751,ACC-NSE-2017-05-15-to-2017-08-15-60minute
2017-07-20T13:15:00+0530,1716.0,1723.95,1710.65,1715.5,53088,ACC,32.335,23.731,38.758,30.659,-1.831,4.052,-11.767,1748.505,1795.203,1701.807,14.647,ACC-NSE-2017-05-15-to-2017-08-15-60minute
2017-07-20T14:15:00+0530,1714.9,1716.5,1705.2,1711.5,86206,ACC,27.953,24.738,37.083,29.749,-3.491,2.543,-12.07,1746.485,1795.977,1696.993,14.408,ACC-NSE-2017-05-15-to-2017-08-15-60minute
2017-07-20T15:15:00+0530,1710.65,1714.5,1709.45,1713.0,45609,ACC,25.136,30.358,38.162,29.249,-4.633,1.108,-11.482,1743.02,1791.65,1694.39,13.739,ACC-NSE-2017-05-15-to-2017-08-15-60minute
2017-07-21T09:15:00+0530,1718.15,1725.05,1705.65,1718.45,120424,ACC,27.342,42.489,42.052,28.021,-5.039,-0.121,-9.836,1739.695,1785.25,1694.14,14.144,ACC-NSE-2017-05-15-to-2017-08-15-60minute
2017-07-21T10:15:00+0530,1718.45,1718.5,1709.0,1712.2,27676,ACC,29.203,39.58,39.02,26.383,-5.799,-1.257,-9.084,1736.193,1778.637,1693.748,13.812,ACC-NSE-2017-05-15-to-2017-08-15-60minute
2017-07-21T11:15:00+0530,1712.2,1719.45,1710.45,1713.2,28072,ACC,31.264,39.359,39.769,24.454,-6.248,-2.255,-7.986,1732.81,1770.821,1694.799,13.468,ACC-NSE-2017-05-15-to-2017-08-15-60minute
2017-07-21T12:15:00+0530,1713.2,1716.0,1696.0,1699.5,57863,ACC,30.044,31.215,33.674,23.488,-7.622,-3.329,-8.587,1728.648,1761.517,1695.778,13.935,ACC-NSE-2017-05-15-to-2017-08-15-60minute
2017-07-21T13:15:00+0530,1699.0,1704.25,1698.45,1702.65,39745,ACC,28.708,30.263,36.099,23.156,-8.36,-4.335,-8.051,1725.59,1755.974,1695.206,13.354,ACC-NSE-2017-05-15-to-2017-08-15-60minute
2017-07-21T14:15:00+0530,1702.65,1714.5,1702.35,1708.5,51123,ACC,30.847,41.008,40.453,22.19,-8.377,-5.143,-6.467,1723.183,1750.699,1695.666,13.268,ACC-NSE-2017-05-15-to-2017-08-15-60minute
2017-07-21T15:15:00+0530,1708.5,1713.5,1702.0,1710.0,26558,ACC,35.003,51.326,41.553,20.891,-8.174,-5.75,-4.85,1721.96,1749.541,1694.379,13.142,ACC-NSE-2017-05-15-to-2017-08-15-60minute
2017-07-24T09:15:00+0530,1715.0,1720.8,1708.1,1716.0,42247,ACC,41.922,59.04,45.86,19.871,-7.444,-6.088,-2.711,1721.058,1748.15,1693.965,13.11,ACC-NSE-2017-05-15-to-2017-08-15-60minute
2017-07-24T10:15:00+0530,1716.0,1736.0,1716.0,1732.55,109831,ACC,50.429,69.311,55.583,19.954,-5.467,-5.964,0.994,1721.135,1748.356,1693.914,13.602,ACC-NSE-2017-05-15-to-2017-08-15-60minute
2017-07-24T11:15:00+0530,1733.0,1739.0,1727.55,1734.5,48092,ACC,58.367,74.686,56.573,20.857,-3.7,-5.511,3.623,1721.295,1748.803,1693.787,13.448,ACC-NSE-2017-05-15-to-2017-08-15-60minute
2017-07-24T12:15:00+0530,1734.5,1736.5,1732.05,1732.3,50088,ACC,64.508,73.414,55.081,22.241,-2.449,-4.899,4.9,1721.24,1748.651,1693.829,12.806,ACC-NSE-2017-05-15-to-2017-08-15-60minute
2017-07-24T13:15:00+0530,1732.3,1734.65,1730.1,1731.6,17532,ACC,68.521,60.733,54.588,23.612,-1.497,-4.218,5.443,1721.12,1748.316,1693.924,12.216,ACC-NSE-2017-05-15-to-2017-08-15-60minute
2017-07-24T14:15:00+0530,1731.6,1734.9,1720.55,1723.55,54228,ACC,66.338,46.758,49.141,23.826,-1.376,-3.65,4.548,1720.548,1746.984,1694.111,12.368,ACC-NSE-2017-05-15-to-2017-08-15-60minute
2017-07-24T15:15:00+0530,1724.45,1729.0,1720.1,1722.0,34125,ACC,59.114,35.452,48.145,23.266,-1.389,-3.198,3.617,1719.223,1742.189,1696.256,12.121,ACC-NSE-2017-05-15-to-2017-08-15-60minute
2017-07-25T09:15:00+0530,1737.0,1737.0,1714.15,1724.5,100278,ACC,54.368,38.733,49.909,22.92,-1.184,-2.795,3.222,1718.28,1738.455,1698.105,12.887,ACC-NSE-2017-05-15-to-2017-08-15-60minute
2017-07-25T10:15:00+0530,1724.5,1724.5,1715.05,1720.45,29944,ACC,49.281,35.012,47.113,22.72,-1.333,-2.503,2.339,1717.898,1737.573,1698.222,12.642,ACC-NSE-2017-05-15-to-2017-08-15-60minute
2017-07-25T11:15:00+0530,1720.35,1720.4,1712.6,1717.7,34766,ACC,43.867,30.309,45.259,22.289,-1.654,-2.333,1.358,1717.983,1737.638,1698.327,12.299,ACC-NSE-2017-05-15-to-2017-08-15-60minute
2017-07-25T12:15:00+0530,1717.7,1720.0,1714.5,1714.5,20662,ACC,37.452,25.528,43.132,21.729,-2.142,-2.295,0.305,1717.933,1737.619,1698.246,11.814,ACC-NSE-2017-05-15-to-2017-08-15-60minute
2017-07-25T13:15:00+0530,1714.5,1721.9,1714.0,1721.0,24621,ACC,34.264,47.126,48.433,21.327,-1.981,-2.232,0.501,1718.408,1737.898,1698.917,11.534,ACC-NSE-2017-05-15-to-2017-08-15-60minute
2017-07-25T14:15:00+0530,1720.65,1727.85,1718.15,1725.2,81137,ACC,38.221,58.373,51.574,21.627,-1.498,-2.085,1.175,1719.018,1738.559,1699.476,11.403,ACC-NSE-2017-05-15-to-2017-08-15-60minute
2017-07-25T15:15:00+0530,1725.6,1732.8,1722.35,1732.8,41241,ACC,46.844,72.249,56.713,22.728,-0.496,-1.767,2.543,1719.735,1740.22,1699.25,11.335,ACC-NSE-2017-05-15-to-2017-08-15-60minute
2017-07-26T09:15:00+0530,1725.0,1732.35,1703.5,1707.75,82680,ACC,47.083,53.001,41.196,23.13,-1.703,-1.754,0.103,1719.513,1740.434,1698.591,12.618,ACC-NSE-2017-05-15-to-2017-08-15-60minute
2017-07-26T10:15:00+0530,1707.75,1707.95,1701.3,1702.4,56786,ACC,42.346,36.498,38.757,23.244,-3.056,-2.015,-2.083,1718.973,1741.103,1696.842,12.192,ACC-NSE-2017-05-15-to-2017-08-15-60minute
2017-07-26T11:15:00+0530,1702.4,1709.8,1702.0,1706.0,40507,ACC,37.193,29.378,41.277,22.964,-3.795,-2.371,-2.848,1719.298,1740.39,1698.205,11.878,ACC-NSE-2017-05-15-to-2017-08-15-60minute
2017-07-26T12:15:00+0530,1706.0,1712.0,1697.95,1702.0,61131,ACC,32.062,29.194,39.34,22.79,-4.649,-2.826,-3.645,1719.265,1740.468,1698.062,12.033,ACC-NSE-2017-05-15-to-2017-08-15-60minute
2017-07-26T13:15:00+0530,1701.7,1705.3,1698.05,1700.8,33887,ACC,27.139,26.224,38.753,22.69,-5.361,-3.333,-4.056,1718.88,1741.158,1696.602,11.692,ACC-NSE-2017-05-15-to-2017-08-15-60minute
2017-07-26T14:15:00+0530,1700.8,1707.0,1700.0,1705.0,66779,ACC,27.511,34.209,42.016,22.382,-5.523,-3.771,-3.503,1718.63,1741.434,1695.826,11.357,ACC-NSE-2017-05-15-to-2017-08-15-60minute
2017-07-26T15:15:00+0530,1705.0,1712.0,1705.0,1710.0,44701,ACC,34.149,51.36,45.723,21.509,-5.188,-4.055,-2.267,1718.33,1741.435,1695.225,11.045,ACC-NSE-2017-05-15-to-2017-08-15-60minute
2017-07-27T09:15:00+0530,1713.85,1725.0,1708.35,1723.35,64308,ACC,43.739,65.373,54.152,21.46,-3.801,-4.004,0.405,1717.87,1740.134,1695.606,11.446,ACC-NSE-2017-05-15-to-2017-08-15-60minute
2017-07-27T10:15:00+0530,1723.3,1731.95,1721.45,1731.0,55666,ACC,53.94,75.741,58.162,22.319,-2.061,-3.615,3.108,1717.695,1739.458,1695.932,11.378,ACC-NSE-2017-05-15-to-2017-08-15-60minute
2017-07-27T11:15:00+0530,1731.0,1742.05,1728.9,1739.0,171789,ACC,62.786,80.81,61.913,24.14,-0.037,-2.9,5.726,1718.03,1740.917,1695.143,11.505,ACC-NSE-2017-05-15-to-2017-08-15-60minute
2017-07-27T12:15:00+0530,1739.0,1742.25,1729.0,1740.0,116079,ACC,70.182,83.601,62.367,26.505,1.63,-1.994,7.248,1718.45,1742.656,1694.244,11.629,ACC-NSE-2017-05-15-to-2017-08-15-60minute
2017-07-27T13:15:00+0530,1740.0,1743.1,1733.5,1743.0,83359,ACC,76.749,88.833,63.764,29.16,3.157,-0.964,8.241,1719.423,1745.943,1692.902,11.484,ACC-NSE-2017-05-15-to-2017-08-15-60minute
2017-07-27T14:15:00+0530,1743.45,1744.4,1729.1,1732.0,231241,ACC,76.249,65.715,55.616,31.185,3.439,-0.083,7.044,1719.923,1747.019,1692.826,11.757,ACC-NSE-2017-05-15-to-2017-08-15-60minute
2017-07-27T15:15:00+0530,1731.55,1737.05,1727.15,1733.95,190656,ACC,71.934,56.95,56.673,32.443,3.777,0.689,6.176,1720.395,1748.149,1692.641,11.624,ACC-NSE-2017-05-15-to-2017-08-15-60minute
2017-07-28T09:15:00+0530,1738.0,1758.0,1731.05,1749.95,178473,ACC,70.235,62.602,64.205,34.233,5.275,1.606,7.337,1721.87,1752.611,1691.129,12.719,ACC-NSE-2017-05-15-to-2017-08-15-60minute
2017-07-28T10:15:00+0530,1749.65,1751.5,1744.15,1748.0,52036,ACC,69.186,64.263,62.773,36.291,6.233,2.531,7.402,1723.385,1756.179,1690.591,12.336,ACC-NSE-2017-05-15-to-2017-08-15-60minute
2017-07-28T11:15:00+0530,1748.0,1748.0,1736.5,1743.65,55808,ACC,66.975,58.427,59.58,37.455,6.565,3.338,6.454,1724.843,1758.552,1691.133,12.276,ACC-NSE-2017-05-15-to-2017-08-15-60minute
2017-07-28T12:15:00+0530,1743.65,1744.4,1728.0,1732.9,54084,ACC,60.622,45.901,52.476,37.16,5.893,3.849,4.088,1725.438,1759.281,1691.594,12.57,ACC-NSE-2017-05-15-to-2017-08-15-60minute
2017-07-28T13:15:00+0530,1732.9,1739.3,1726.0,1733.35,45447,ACC,53.614,41.737,52.73,35.781,5.335,4.146,2.378,1725.845,1759.872,1691.818,12.623,ACC-NSE-2017-05-15-to-2017-08-15-60minute
2017-07-28T14:15:00+0530,1733.05,1735.3,1730.8,1734.0,55920,ACC,48.029,42.318,53.12,33.774,4.89,4.295,1.189,1725.905,1759.988,1691.822,12.042,ACC-NSE-2017-05-15-to-2017-08-15-60minute
2017-07-28T15:15:00+0530,1733.95,1734.0,1726.35,1731.9,39898,ACC,43.189,42.999,51.638,31.632,4.317,4.299,0.035,1727.113,1760.184,1694.041,11.729,ACC-NSE-2017-05-15-to-2017-08-15-60minute
2017-07-31T09:15:00+0530,1738.8,1759.0,1737.45,1749.0,113477,ACC,43.984,51.79,61.143,30.562,5.183,4.476,1.414,1729.443,1761.74,1697.145,12.827,ACC-NSE-2017-05-15-to-2017-08-15-60minute
2017-07-31T10:15:00+0530,1749.0,1750.95,1745.6,1747.4,30110,ACC,46.655,56.017,59.956,30.2,5.675,4.716,1.919,1731.513,1762.774,1700.251,12.293,ACC-NSE-2017-05-15-to-2017-08-15-60minute
2017-07-31T11:15:00+0530,1747.4,1748.0,1740.5,1741.55,29725,ACC,47.831,43.687,55.697,29.761,5.53,4.879,1.302,1733.49,1761.75,1705.23,11.95,ACC-NSE-2017-05-15-to-2017-08-15-60minute
2017-07-31T12:15:00+0530,1742.0,1746.75,1739.65,1741.8,26897,ACC,48.297,35.467,55.841,29.201,5.372,4.977,0.789,1735.54,1759.426,1711.654,11.604,ACC-NSE-2017-05-15-to-2017-08-15-60minute
2017-07-31T13:15:00+0530,1741.8,1743.95,1737.0,1740.95,18548,ACC,45.133,35.614,55.183,28.29,5.12,5.006,0.228,1737.338,1756.487,1718.188,11.271,ACC-NSE-2017-05-15-to-2017-08-15-60minute
2017-07-31T14:15:00+0530,1740.95,1742.75,1733.2,1734.25,60413,ACC,39.369,26.326,50.162,26.785,4.329,4.871,-1.082,1738.55,1752.875,1724.225,11.148,ACC-NSE-2017-05-15-to-2017-08-15-60minute
2017-07-31T15:15:00+0530,1734.1,1735.0,1728.3,1734.75,35304,ACC,36.071,31.289,50.524,25.288,3.701,4.637,-1.872,1739.12,1751.699,1726.541,10.831,ACC-NSE-2017-05-15-to-2017-08-15-60minute
2017-08-01T09:15:00+0530,1742.0,1751.95,1742.0,1747.5,59726,ACC,39.618,47.92,58.747,24.408,4.183,4.546,-0.726,1739.945,1752.446,1727.444,11.286,ACC-NSE-2017-05-15-to-2017-08-15-60minute
2017-08-01T10:15:00+0530,1747.5,1748.8,1736.0,1737.3,28953,ACC,41.02,44.632,51.389,23.389,3.699,4.377,-1.354,1739.86,1752.411,1727.309,11.394,ACC-NSE-2017-05-15-to-2017-08-15-60minute
2017-08-01T11:15:00+0530,1737.3,1743.0,1735.3,1742.3,11733,ACC,43.663,43.769,54.404,22.255,3.677,4.237,-1.119,1739.975,1752.573,1727.377,11.13,ACC-NSE-2017-05-15-to-2017-08-15-60minute
2017-08-01T12:15:00+0530,1742.3,1744.0,1736.5,1739.15,9604,ACC,45.084,38.685,52.207,21.174,3.367,4.063,-1.392,1739.783,1752.304,1727.261,10.871,ACC-NSE-2017-05-15-to-2017-08-15-60minute
2017-08-01T13:15:00+0530,1739.15,1742.0,1736.0,1739.05,12680,ACC,43.209,40.158,52.135,20.106,3.077,3.866,-1.577,1740.135,1752.119,1728.151,10.523,ACC-NSE-2017-05-15-to-2017-08-15-60minute
2017-08-01T14:15:00+0530,1739.0,1741.0,1735.8,1738.0,61524,ACC,39.796,35.715,51.335,19.057,2.731,3.639,-1.815,1740.338,1752.015,1728.66,10.143,ACC-NSE-2017-05-15-to-2017-08-15-60minute
2017-08-01T15:15:00+0530,1737.8,1742.0,1731.65,1733.0,32812,ACC,35.073,28.158,47.589,17.931,2.031,3.317,-2.573,1739.49,1750.68,1728.3,10.157,ACC-NSE-2017-05-15-to-2017-08-15-60minute
2017-08-02T09:15:00+0530,1722.65,1743.1,1712.65,1737.5,129453,ACC,37.883,45.975,51.051,18.224,1.817,3.017,-2.4,1738.965,1749.436,1728.494,11.607,ACC-NSE-2017-05-15-to-2017-08-15-60minute
2017-08-02T10:15:00+0530,1737.5,1740.0,1730.3,1734.2,33411,ACC,42.787,54.241,48.52,19.395,1.366,2.687,-2.641,1738.493,1748.926,1728.059,11.471,ACC-NSE-2017-05-15-to-2017-08-15-60minute
2017-08-02T11:15:00+0530,1734.2,1748.95,1732.0,1748.9,56209,ACC,51.308,69.448,58.411,19.976,2.17,2.584,-0.827,1739.293,1750.355,1728.23,11.862,ACC-NSE-2017-05-15-to-2017-08-15-60minute
2017-08-02T12:15:00+0530,1748.9,1763.0,1747.05,1762.95,170268,ACC,60.494,79.581,65.279,20.219,3.896,2.846,2.099,1740.773,1755.724,1725.821,12.154,ACC-NSE-2017-05-15-to-2017-08-15-60minute
2017-08-02T13:15:00+0530,1762.95,1771.0,1760.0,1769.8,142404,ACC,68.738,85.362,68.049,20.698,5.75,3.427,4.646,1742.563,1761.999,1723.126,12.072,ACC-NSE-2017-05-15-to-2017-08-15-60minute
2017-08-02T14:15:00+0530,1769.05,1774.9,1760.25,1773.7,163338,ACC,75.577,88.805,69.539,21.51,7.448,4.231,6.434,1744.653,1767.881,1721.424,12.256,ACC-NSE-2017-05-15-to-2017-08-15-60minute
2017-08-02T15:15:00+0530,1773.65,1774.9,1768.1,1774.0,54579,ACC,81.097,90.523,69.656,22.499,8.718,5.128,7.179,1745.903,1772.555,1719.25,11.866,ACC-NSE-2017-05-15-to-2017-08-15-60minute
2017-08-03T09:15:00+0530,1778.0,1778.0,1758.0,1760.0,103799,ACC,79.188,63.682,58.367,22.527,8.496,5.802,5.389,1746.533,1773.919,1719.146,12.447,ACC-NSE-2017-05-15-to-2017-08-15-60minute
2017-08-03T10:15:00+0530,1760.0,1774.4,1759.6,1771.35,74687,ACC,76.958,64.705,63.528,21.954,9.131,6.468,5.327,1748.023,1777.436,1718.609,12.615,ACC-NSE-2017-05-15-to-2017-08-15-60minute
2017-08-03T11:15:00+0530,1771.35,1794.95,1770.25,1792.0,183275,ACC,77.64,73.809,70.655,22.261,11.172,7.409,7.527,1750.533,1785.712,1715.353,13.478,ACC-NSE-2017-05-15-to-2017-08-15-60minute
2017-08-03T12:15:00+0530,1792.3,1800.0,1792.2,1796.0,106374,ACC,79.369,79.239,71.804,23.308,12.963,8.519,8.887,1753.285,1793.554,1713.016,13.087,ACC-NSE-2017-05-15-to-2017-08-15-60minute
2017-08-03T13:15:00+0530,1796.0,1806.2,1794.5,1804.55,127348,ACC,82.05,84.629,74.136,25.007,14.9,9.796,10.209,1756.8,1802.039,1711.561,12.988,ACC-NSE-2017-05-15-to-2017-08-15-60minute
2017-08-03T14:15:00+0530,1805.0,1815.1,1794.05,1814.2,194610,ACC,85.055,88.443,76.498,27.33,17.018,11.24,11.556,1760.773,1811.482,1710.063,13.564,ACC-NSE-2017-05-15-to-2017-08-15-60minute
2017-08-03T15:15:00+0530,1815.2,1817.8,1806.0,1817.8,96012,ACC,88.052,92.295,77.33,30.037,18.77,12.746,12.049,1764.288,1820.563,1708.012,13.438,ACC-NSE-2017-05-15-to-2017-08-15-60minute
2017-08-04T09:15:00+0530,1795.15,1837.0,1795.15,1820.0,208880,ACC,86.495,81.67,77.846,33.299,20.105,14.218,11.774,1768.423,1828.382,1708.463,15.467,ACC-NSE-2017-05-15-to-2017-08-15-60minute
2017-08-04T10:15:00+0530,1820.0,1826.3,1810.35,1818.7,100253,ACC,82.569,73.204,76.735,36.792,20.818,15.538,10.56,1772.243,1834.87,1709.615,15.502,ACC-NSE-2017-05-15-to-2017-08-15-60minute
2017-08-04T11:15:00+0530,1818.7,1825.0,1813.2,1816.0,40874,ACC,77.329,65.41,74.36,40.305,20.924,16.615,8.617,1776.085,1839.587,1712.583,15.237,ACC-NSE-2017-05-15-to-2017-08-15-60minute
2017-08-04T12:15:00+0530,1815.0,1822.8,1813.2,1818.8,40186,ACC,72.686,61.266,75.216,43.704,20.992,17.49,7.002,1780.073,1843.798,1716.347,14.835,ACC-NSE-2017-05-15-to-2017-08-15-60minute
2017-08-04T13:15:00+0530,1818.8,1831.15,1817.2,1822.0,75141,ACC,69.676,57.186,76.195,47.089,21.061,18.204,5.713,1784.273,1847.392,1721.153,14.771,ACC-NSE-2017-05-15-to-2017-08-15-60minute
2017-08-04T14:15:00+0530,1822.0,1824.15,1812.05,1812.7,63796,ACC,61.851,39.258,67.812,49.576,20.133,18.59,3.086,1788.258,1847.704,1728.811,14.581,ACC-NSE-2017-05-15-to-2017-08-15-60minute
2017-08-04T15:15:00+0530,1812.45,1818.45,1808.0,1818.45,42070,ACC,56.517,41.219,70.009,50.862,19.636,18.799,1.673,1792.305,1848.113,1736.497,14.286,ACC-NSE-2017-05-15-to-2017-08-15-60minute
2017-08-07T09:15:00+0530,1818.4,1819.55,1795.05,1812.85,71352,ACC,53.345,47.869,65.332,50.001,18.575,18.754,-0.358,1796.238,1845.507,1746.968,15.015,ACC-NSE-2017-05-15-to-2017-08-15-60minute
2017-08-07T10:15:00+0530,1812.85,1817.0,1807.6,1812.55,21382,ACC,51.394,55.722,65.081,47.829,17.509,18.505,-1.993,1799.42,1843.794,1755.046,14.614,ACC-NSE-2017-05-15-to-2017-08-15-60minute
2017-08-07T11:15:00+0530,1812.55,1816.6,1805.65,1810.05,19578,ACC,50.544,57.556,62.914,44.8,16.274,18.059,-3.569,1801.775,1842.879,1760.671,14.352,ACC-NSE-2017-05-15-to-2017-08-15-60minute
2017-08-07T12:15:00+0530,1810.05,1820.5,1807.35,1820.5,30415,ACC,55.661,71.704,67.749,41.647,15.956,17.638,-3.366,1804.31,1843.31,1765.31,14.267,ACC-NSE-2017-05-15-to-2017-08-15-60minute
2017-08-07T13:15:00+0530,1820.45,1827.0,1818.25,1820.8,46251,ACC,60.706,71.456,67.879,39.072,15.548,17.22,-3.345,1806.665,1843.511,1769.819,13.872,ACC-NSE-2017-05-15-to-2017-08-15-60minute
2017-08-07T14:15:00+0530,1821.05,1825.0,1814.35,1814.6,44848,ACC,60.861,59.936,62.311,36.485,14.556,16.688,-4.262,1808.695,1842.295,1775.095,13.642,ACC-NSE-2017-05-15-to-2017-08-15-60minute
2017-08-07T15:15:00+0530,1814.6,1820.0,1814.6,1816.45,22795,ACC,59.788,45.491,63.279,33.985,13.761,16.102,-4.682,1811.518,1836.192,1786.843,13.054,ACC-NSE-2017-05-15-to-2017-08-15-60minute
2017-08-08T09:15:00+0530,1819.95,1837.55,1806.35,1807.3,121113,ACC,53.006,31.342,55.664,32.838,12.252,15.332,-6.161,1813.315,1829.419,1797.211,14.35,ACC-NSE-2017-05-15-to-2017-08-15-60minute
2017-08-08T10:15:00+0530,1807.25,1814.0,1794.95,1812.65,51586,ACC,48.719,34.745,58.787,31.415,11.356,14.537,-6.361,1814.348,1826.968,1801.727,14.685,ACC-NSE-2017-05-15-to-2017-08-15-60minute
2017-08-08T11:15:00+0530,1812.65,1816.05,1807.4,1814.7,16266,ACC,46.552,38.617,59.951,30.008,10.689,13.767,-6.157,1815.283,1824.489,1806.076,14.254,ACC-NSE-2017-05-15-to-2017-08-15-60minute
2017-08-08T12:15:00+0530,1814.7,1819.05,1812.55,1816.35,19728,ACC,45.998,55.343,60.908,28.868,10.176,13.049,-5.747,1815.873,1823.572,1808.173,13.7,ACC-NSE-2017-05-15-to-2017-08-15-60minute
2017-08-08T13:15:00+0530,1816.35,1817.5,1804.9,1808.25,43254,ACC,44.11,44.787,54.076,27.191,9.011,12.242,-6.46,1815.575,1823.974,1807.176,13.622,ACC-NSE-2017-05-15-to-2017-08-15-60minute
2017-08-08T14:15:00+0530,1808.25,1811.9,1803.8,1810.75,85952,ACC,45.654,45.049,55.727,25.206,8.196,11.432,-6.473,1815.223,1823.818,1806.627,13.227,ACC-NSE-2017-05-15-to-2017-08-15-60minute
2017-08-08T15:15:00+0530,1810.75,1817.25,1809.2,1816.9,46515,ACC,50.812,61.906,59.576,23.512,7.954,10.737,-5.565,1815.068,1823.409,1806.726,12.858,ACC-NSE-2017-05-15-to-2017-08-15-60minute
2017-08-09T09:15:00+0530,1801.0,1807.6,1793.4,1802.85,37430,ACC,51.553,54.479,49.078,22.422,6.554,9.9,-6.693,1814.275,1824.051,1804.499,13.618,ACC-NSE-2017-05-15-to-2017-08-15-60minute
2017-08-09T10:15:00+0530,1802.85,1809.45,1800.0,1803.3,21400,ACC,50.718,50.155,49.386,21.57,5.417,9.004,-7.172,1813.64,1824.531,1802.749,13.32,ACC-NSE-2017-05-15-to-2017-08-15-60minute
2017-08-09T11:15:00+0530,1803.3,1809.0,1800.05,1808.25,18549,ACC,51.63,64.278,52.766,20.899,4.86,8.175,-6.629,1813.113,1823.973,1802.252,13.008,ACC-NSE-2017-05-15-to-2017-08-15-60minute
2017-08-09T12:15:00+0530,1806.65,1823.9,1806.55,1820.0,58714,ACC,55.989,70.746,59.654,20.374,5.306,7.601,-4.591,1813.013,1823.561,1802.464,13.318,ACC-NSE-2017-05-15-to-2017-08-15-60minute
2017-08-09T13:15:00+0530,1820.0,1823.9,1815.05,1823.5,44275,ACC,62.671,79.938,61.457,19.961,5.874,7.256,-2.764,1813.553,1825.092,1802.013,12.999,ACC-NSE-2017-05-15-to-2017-08-15-60minute
2017-08-09T14:15:00+0530,1823.5,1831.0,1818.75,1821.15,79971,ACC,66.257,73.197,59.533,20.103,6.064,7.017,-1.907,1813.688,1825.528,1801.847,12.945,ACC-NSE-2017-05-15-to-2017-08-15-60minute
2017-08-09T15:15:00+0530,1821.75,1822.45,1807.0,1808.1,38665,ACC,63.38,50.326,50.146,19.485,5.103,6.634,-3.063,1813.45,1825.549,1801.351,13.124,ACC-NSE-2017-05-15-to-2017-08-15-60minute
2017-08-10T09:15:00+0530,1810.4,1810.4,1783.0,1791.2,94621,ACC,56.957,39.245,41.107,19.67,2.944,5.896,-5.905,1812.383,1828.055,1796.71,14.144,ACC-NSE-2017-05-15-to-2017-08-15-60minute
2017-08-10T10:15:00+0530,1792.3,1799.0,1791.05,1798.8,30245,ACC,51.431,39.513,45.835,20.349,1.825,5.082,-6.514,1811.82,1828.613,1795.027,13.702,ACC-NSE-2017-05-15-to-2017-08-15-60minute
2017-08-10T11:15:00+0530,1798.25,1804.65,1797.0,1799.25,41166,ACC,47.022,46.111,46.111,20.828,0.963,4.258,-6.59,1810.758,1827.923,1793.592,13.269,ACC-NSE-2017-05-15-to-2017-08-15-60minute
2017-08-10T12:15:00+0530,1799.25,1799.55,1778.55,1778.55,55995,ACC,39.838,30.741,36.82,21.93,-1.374,3.132,-9.012,1808.645,1830.394,1786.896,13.822,ACC-NSE-2017-05-15-to-2017-08-15-60minute
2017-08-10T13:15:00+0530,1778.6,1785.4,1772.65,1785.1,42251,ACC,35.883,33.463,40.879,23.569,-2.667,1.972,-9.278,1807.17,1831.109,1783.231,13.745,ACC-NSE-2017-05-15-to-2017-08-15-60minute
2017-08-10T14:15:00+0530,1787.4,1788.0,1770.15,1775.6,49872,ACC,31.893,28.488,37.151,25.249,-4.407,0.696,-10.207,1805.128,1832.463,1777.792,14.038,ACC-NSE-2017-05-15-to-2017-08-15-60minute
2017-08-10T15:15:00+0530,1776.8,1779.0,1772.05,1776.65,21083,ACC,28.67,31.13,37.826,26.893,-5.637,-0.57,-10.133,1803.595,1833.713,1773.477,13.532,ACC-NSE-2017-05-15-to-2017-08-15-60minute
2017-08-11T09:15:00+0530,1758.0,1767.0,1748.0,1764.1,84438,ACC,27.522,34.17,33.232,29.193,-7.537,-1.964,-11.147,1801.168,1835.713,1766.622,14.612,ACC-NSE-2017-05-15-to-2017-08-15-60minute
2017-08-11T10:15:00+0530,1764.1,1779.0,1762.0,1778.85,51282,ACC,32.523,55.952,42.128,30.836,-7.764,-3.124,-9.28,1799.375,1834.676,1764.074,14.782,ACC-NSE-2017-05-15-to-2017-08-15-60minute
2017-08-11T11:15:00+0530,1778.85,1793.45,1772.0,1783.0,64820,ACC,39.689,62.971,44.374,31.09,-7.521,-4.003,-7.036,1797.708,1832.782,1762.633,15.259,ACC-NSE-2017-05-15-to-2017-08-15-60minute
2017-08-11T12:15:00+0530,1783.0,1789.95,1771.0,1775.0,78027,ACC,45.064,55.759,41.066,30.515,-7.884,-4.779,-6.209,1796.045,1832.153,1759.937,15.522,ACC-NSE-2017-05-15-to-2017-08-15-60minute
2017-08-11T13:15:00+0530,1774.1,1776.2,1757.25,1760.1,42357,ACC,45.404,39.797,35.724,30.057,-9.267,-5.677,-7.18,1793.513,1832.284,1754.741,15.767,ACC-NSE-2017-05-15-to-2017-08-15-60minute
2017-08-11T14:15:00+0530,1760.1,1766.9,1751.0,1764.35,55286,ACC,44.005,37.956,38.193,29.926,-9.906,-6.523,-6.766,1790.885,1830.103,1751.667,15.777,ACC-NSE-2017-05-15-to-2017-08-15-60minute
2017-08-11T15:15:00+0530,1764.45,1765.25,1756.55,1757.35,25016,ACC,40.155,33.704,35.757,30.002,-10.852,-7.389,-6.927,1788.61,1830.118,1747.102,15.271,ACC-NSE-2017-05-15-to-2017-08-15-60minute
2017-08-14T09:15:00+0530,1765.0,1781.95,1760.0,1764.1,83111,ACC,37.72,36.578,39.749,29.026,-10.931,-8.097,-5.668,1786.65,1828.932,1744.368,15.937,ACC-NSE-2017-05-15-to-2017-08-15-60minute
2017-08-14T10:15:00+0530,1764.1,1764.55,1751.0,1760.0,38650,ACC,35.677,34.078,38.196,27.895,-11.195,-8.717,-4.957,1784.238,1826.835,1741.64,15.767,ACC-NSE-2017-05-15-to-2017-08-15-60minute
2017-08-14T11:15:00+0530,1760.0,1762.5,1755.0,1755.0,23827,ACC,32.241,27.027,36.332,26.707,-11.674,-9.308,-4.731,1780.988,1821.985,1739.99,15.176,ACC-NSE-2017-05-15-to-2017-08-15-60minute
2017-08-14T12:15:00+0530,1755.1,1767.3,1755.0,1766.5,138423,ACC,32.696,49.715,43.197,25.174,-10.998,-9.646,-2.704,1778.138,1814.335,1741.94,14.971,ACC-NSE-2017-05-15-to-2017-08-15-60minute
2017-08-14T13:15:00+0530,1766.6,1779.9,1764.95,1776.7,146205,ACC,38.492,62.193,48.502,23.925,-9.53,-9.623,0.186,1775.915,1805.922,1745.908,14.97,ACC-NSE-2017-05-15-to-2017-08-15-60minute
2017-08-14T14:15:00+0530,1776.7,1793.5,1773.65,1784.1,112909,ACC,45.445,66.657,52.003,23.506,-7.681,-9.235,3.108,1774.715,1800.99,1748.44,15.318,ACC-NSE-2017-05-15-to-2017-08-15-60minute
2017-08-14T15:15:00+0530,1784.1,1792.0,1780.25,1782.25,39359,ACC,51.35,64.636,51.068,23.62,-6.292,-8.646,4.708,1774.268,1799.65,1748.885,15.063,ACC-NSE-2017-05-15-to-2017-08-15-60minute
