date,open,high,low,close,adj close,volume,stocastic_kdjd_5,stocastic_kdjk_3,stocastic_kdjk_3,rsi_rsi_14,adx_adx_15_ema,macd_macd,macd_macds,macd_macdh,bbands_boll,bbands_boll_ub,bbands_boll_lb,atr_atr,stock_name
2016-01-04,857.333,859.967,835.533,837.3,812.121,2767263,51.188,44.62,44.62,0.0,100.0,-0.497,-0.276,-0.442,848.383,879.732,817.035,24.434,Larsen & Toubro
2016-01-05,841.867,846.0,835.0,837.933,812.735,2470134,45.31,33.556,33.556,2.983,100.0,-0.614,-0.415,-0.399,844.9,870.139,819.661,17.468,Larsen & Toubro
2016-01-06,839.333,839.867,823.333,824.567,799.771,2728635,38.031,23.493,23.493,1.778,100.0,-1.135,-0.659,-0.952,839.817,868.767,810.867,17.133,Larsen & Toubro
2016-01-07,818.767,818.9,800.0,804.267,780.081,4689760,31.351,18.754,18.754,1.07,100.0,-2.201,-1.118,-2.168,832.707,873.199,792.215,19.203,Larsen & Toubro
2016-01-08,810.067,811.267,783.333,786.067,762.429,5356012,25.296,14.115,14.115,0.773,100.0,-3.58,-1.785,-3.589,824.934,877.487,772.38,21.217,Larsen & Toubro
2016-01-11,774.667,789.933,763.367,782.233,758.71,4304283,22.33,20.734,20.734,0.727,100.0,-4.575,-2.491,-4.169,818.833,876.656,761.011,22.282,Larsen & Toubro
2016-01-12,790.9,800.0,782.167,786.1,762.461,4095195,21.833,29.642,29.642,6.729,98.058,-4.986,-3.091,-3.79,814.742,873.065,756.419,21.497,Larsen & Toubro
2016-01-13,796.0,796.0,752.067,771.167,747.977,5619939,22.362,33.044,33.044,5.377,96.031,-5.935,-3.748,-4.374,809.9,871.708,748.092,25.08,Larsen & Toubro
2016-01-14,756.267,770.0,740.067,756.433,733.686,5099718,22.666,31.132,31.132,4.431,94.251,-7.281,-4.539,-5.483,804.553,871.928,737.179,25.963,Larsen & Toubro
2016-01-15,759.933,761.0,733.333,738.6,716.389,3987867,21.161,23.556,23.556,3.605,92.775,-9.101,-5.537,-7.128,798.558,873.838,723.277,26.196,Larsen & Toubro
2016-01-18,737.333,740.0,716.0,722.367,700.644,4166632,18.982,19.634,19.634,3.047,91.688,-11.204,-6.754,-8.899,792.208,876.392,708.025,25.914,Larsen & Toubro
2016-01-19,722.867,755.0,712.733,748.633,726.12,4372536,20.696,37.882,37.882,23.623,89.489,-11.131,-7.681,-6.901,788.856,873.003,704.71,27.897,Larsen & Toubro
2016-01-20,733.967,748.333,718.233,744.067,721.692,5856754,25.237,49.966,49.966,22.72,86.788,-11.196,-8.416,-5.56,785.657,869.973,701.342,28.186,Larsen & Toubro
2016-01-21,753.333,758.4,727.4,735.133,713.026,3802062,29.608,49.661,49.661,21.027,83.089,-11.633,-9.083,-5.1,782.289,867.624,696.954,28.498,Larsen & Toubro
2016-01-22,743.933,763.333,740.2,761.467,738.568,3694869,38.962,65.061,65.061,36.134,78.609,-10.221,-9.317,-1.808,780.988,864.084,697.892,28.466,Larsen & Toubro
2016-01-25,767.333,771.9,739.267,742.767,720.431,2472816,44.431,54.885,54.885,31.523,73.26,-10.174,-9.492,-1.364,778.739,861.305,696.173,28.895,Larsen & Toubro
2016-01-27,742.767,748.0,731.767,738.533,716.324,2618145,46.127,42.21,42.21,30.571,68.001,-10.281,-9.653,-1.256,776.506,858.818,694.193,27.632,Larsen & Toubro
2016-01-28,734.0,735.667,713.333,716.333,694.792,5794726,42.325,29.847,29.847,26.12,63.727,-11.662,-10.061,-3.202,773.339,857.962,688.715,27.396,Larsen & Toubro
2016-01-29,716.0,739.333,713.467,734.433,712.347,4848987,39.936,40.186,40.186,34.494,59.941,-11.405,-10.333,-2.145,771.393,855.578,687.209,27.251,Larsen & Toubro
2016-02-01,750.0,772.633,740.067,748.033,725.538,7053951,40.938,46.296,46.296,39.998,55.822,-10.171,-10.3,0.258,765.822,839.565,692.078,28.263,Larsen & Toubro
2016-02-02,749.333,763.333,740.667,747.933,725.441,4505643,43.318,50.282,50.282,39.971,51.666,-9.101,-10.058,1.915,761.353,827.276,695.43,27.757,Larsen & Toubro
2016-02-03,737.867,746.667,728.2,739.2,716.971,3731595,44.409,41.773,41.773,37.619,47.304,-8.756,-9.796,2.081,756.417,812.201,700.632,27.044,Larsen & Toubro
2016-02-04,746.0,766.567,745.467,757.133,734.365,5956550,48.16,52.986,52.986,44.802,43.535,-7.152,-9.265,4.226,753.045,798.722,707.368,27.072,Larsen & Toubro
2016-02-05,761.2,768.0,751.033,759.933,737.081,4000880,52.411,61.901,61.901,45.85,40.327,-5.626,-8.535,5.816,750.828,789.858,711.799,26.204,Larsen & Toubro
2016-02-08,760.667,771.9,746.933,753.533,730.873,2539246,54.919,51.439,51.439,43.802,37.344,-4.822,-7.79,5.936,749.202,784.589,713.814,26.099,Larsen & Toubro
2016-02-09,743.333,751.967,734.933,742.8,720.463,2523124,53.643,41.386,41.386,40.533,34.278,-4.9,-7.21,4.621,747.23,779.087,715.373,25.472,Larsen & Toubro
2016-02-10,738.467,753.333,735.333,747.067,724.601,3203877,50.763,38.532,38.532,42.374,31.2,-4.598,-6.687,4.178,745.278,771.369,719.187,24.855,Larsen & Toubro
2016-02-11,745.8,750.167,719.333,728.267,706.367,4395021,45.731,34.447,34.447,36.945,28.99,-5.664,-6.482,1.635,743.133,767.241,719.025,25.343,Larsen & Toubro
2016-02-12,733.067,735.0,677.367,702.433,681.31,6160240,41.359,33.963,33.963,31.057,28.497,-8.308,-6.848,-2.92,740.433,769.793,711.073,27.954,Larsen & Toubro
2016-02-15,714.867,769.8,709.7,766.267,743.224,5939226,45.507,54.702,54.702,51.589,27.568,-5.607,-6.599,1.985,741.817,773.34,710.293,31.111,Larsen & Toubro
2016-02-16,771.933,771.933,732.867,736.0,713.867,3548740,49.184,57.135,57.135,44.779,26.328,-5.66,-6.411,1.503,742.498,772.818,712.179,31.743,Larsen & Toubro
2016-02-17,737.067,755.8,721.433,748.3,725.797,3479412,53.687,58.765,58.765,47.795,25.282,-4.725,-6.074,2.697,742.482,772.787,712.176,31.949,Larsen & Toubro
2016-02-18,756.267,783.3,755.333,766.433,743.385,5457168,59.065,63.422,63.422,51.96,24.005,-2.59,-5.377,5.574,743.6,775.746,711.453,32.188,Larsen & Toubro
2016-02-19,764.1,779.267,754.267,767.0,743.935,3036894,63.543,66.833,66.833,52.089,22.591,-0.847,-4.47,7.246,745.193,778.703,711.684,31.63,Larsen & Toubro
2016-02-22,766.667,778.833,760.133,766.5,743.45,2054481,66.567,58.6,58.6,51.957,21.143,0.488,-3.478,7.933,745.445,779.54,711.35,30.632,Larsen & Toubro
2016-02-23,770.167,770.667,750.067,753.433,730.776,2045679,66.262,42.909,42.909,48.493,19.66,0.54,-2.675,6.429,745.978,780.23,711.727,29.862,Larsen & Toubro
2016-02-24,748.0,753.333,740.0,741.933,719.622,1816150,59.259,30.265,30.265,45.61,18.598,-0.298,-2.199,3.803,746.148,780.278,712.019,28.607,Larsen & Toubro
2016-02-25,745.333,746.667,721.333,724.3,702.519,2655282,50.132,22.182,22.182,41.534,18.429,-2.292,-2.218,-0.149,746.547,779.372,713.721,28.359,Larsen & Toubro
2016-02-26,728.333,745.0,728.2,740.433,718.167,2277972,44.196,34.684,34.684,46.266,18.822,-2.595,-2.293,-0.603,746.847,779.313,714.38,27.779,Larsen & Toubro
2016-02-29,742.667,749.0,702.033,717.333,695.762,5500994,39.124,33.981,33.981,41.133,20.203,-4.572,-2.749,-3.646,745.312,780.344,710.279,29.224,Larsen & Toubro
2016-03-01,724.667,752.667,720.667,749.3,726.767,3647114,42.76,53.771,53.771,49.485,21.925,-3.61,-2.921,-1.378,745.38,780.439,710.321,29.683,Larsen & Toubro
2016-03-02,762.0,767.267,755.467,758.6,735.788,3652203,49.26,64.752,64.752,51.635,22.971,-2.099,-2.757,1.315,746.35,781.761,710.939,28.807,Larsen & Toubro
2016-03-03,765.933,807.467,756.3,804.733,780.533,5552958,57.499,75.451,75.451,60.595,23.508,2.673,-1.671,8.688,748.73,792.584,704.876,30.473,Larsen & Toubro
2016-03-04,810.0,815.967,791.333,795.467,771.546,3438969,63.883,72.339,72.339,58.26,23.926,5.662,-0.204,11.732,750.507,798.915,702.098,30.039,Larsen & Toubro
2016-03-08,795.467,808.0,782.133,791.633,767.827,3022782,67.897,67.965,67.965,57.277,23.865,7.64,1.365,12.55,752.412,804.202,700.621,29.73,Larsen & Toubro
2016-03-09,788.267,813.333,785.333,808.567,784.252,3121142,71.889,71.353,71.353,60.452,23.673,10.418,3.175,14.486,755.7,812.981,698.419,29.602,Larsen & Toubro
2016-03-10,809.333,814.333,787.5,790.767,766.987,2932767,72.093,56.507,56.507,55.761,23.44,11.088,4.758,12.66,757.885,817.081,698.688,29.398,Larsen & Toubro
2016-03-11,792.633,801.333,780.867,790.433,766.663,2996378,67.202,47.199,47.199,55.674,22.835,11.46,6.098,10.723,760.993,820.17,701.816,28.742,Larsen & Toubro
2016-03-14,798.0,804.433,785.133,789.467,765.726,2726301,60.417,40.032,40.032,55.404,22.156,11.544,7.188,8.714,765.345,818.926,711.764,28.049,Larsen & Toubro
2016-03-15,792.467,798.567,783.7,787.167,763.496,2444158,52.78,35.599,35.599,54.723,21.363,11.299,8.01,6.578,766.39,820.854,711.926,27.084,Larsen & Toubro
2016-03-16,791.333,794.467,776.6,788.8,765.079,2704712,47.114,38.344,38.344,55.144,20.13,11.105,8.629,4.952,769.03,822.399,715.66,26.41,Larsen & Toubro
2016-03-17,798.667,803.333,789.633,795.5,771.578,3872654,46.905,49.129,49.129,56.917,19.116,11.353,9.174,4.358,771.39,825.073,717.707,25.543,Larsen & Toubro
2016-03-18,799.333,802.0,793.4,799.533,775.49,2566830,50.756,61.348,61.348,57.992,18.276,11.734,9.686,4.096,773.045,828.108,717.982,24.309,Larsen & Toubro
2016-03-21,800.667,821.7,796.233,818.767,794.145,3575446,57.217,71.183,71.183,62.768,18.478,13.412,10.431,5.962,775.633,834.252,717.015,24.393,Larsen & Toubro
2016-03-22,822.667,830.0,814.667,824.867,800.062,2979816,63.774,76.114,76.114,64.159,19.598,15.054,11.356,7.397,778.552,840.946,716.158,23.735,Larsen & Toubro
2016-03-23,826.667,832.667,820.2,828.367,803.457,2438136,69.603,80.142,80.142,64.968,21.336,16.445,12.373,8.142,782.298,847.287,717.31,22.917,Larsen & Toubro
2016-03-28,828.367,830.8,798.7,804.233,780.048,3717456,67.525,58.858,58.858,55.642,21.853,15.441,12.987,4.909,785.413,848.19,722.636,23.583,Larsen & Toubro
2016-03-29,805.333,810.7,793.333,795.967,772.031,2703178,59.843,41.471,41.471,52.844,21.493,13.826,13.155,1.343,788.997,844.89,733.104,23.132,Larsen & Toubro
2016-03-30,805.333,821.267,801.0,818.7,794.08,2874000,56.945,50.215,50.215,58.956,20.95,14.2,13.364,1.673,792.91,845.339,740.481,23.289,Larsen & Toubro
2016-03-31,817.3,820.0,807.667,811.133,786.741,4945964,54.358,54.717,54.717,56.338,20.314,13.733,13.438,0.59,797.6,836.633,758.567,22.497,Larsen & Toubro
2016-04-01,808.0,832.2,808.0,825.267,800.45,2539944,56.298,62.405,62.405,59.919,20.224,14.328,13.616,1.425,801.398,835.056,767.741,22.62,Larsen & Toubro
2016-04-04,826.6,833.333,814.4,823.9,799.124,1740162,59.395,62.685,62.685,59.411,20.528,14.523,13.797,1.452,804.663,833.105,776.222,22.354,Larsen & Toubro
2016-04-05,818.933,823.167,793.367,796.767,772.807,3151113,55.118,44.626,44.626,50.305,20.279,12.36,13.51,-2.299,804.265,832.925,775.605,22.944,Larsen & Toubro
2016-04-06,799.4,810.0,788.333,807.9,783.605,2583834,51.924,44.245,44.245,53.457,19.941,11.407,13.089,-3.364,804.887,833.281,776.492,22.852,Larsen & Toubro
2016-04-07,805.333,806.633,785.2,788.6,764.885,2707580,45.52,32.482,32.482,47.797,19.714,9.0,12.271,-6.543,804.735,833.458,776.012,22.841,Larsen & Toubro
2016-04-08,789.333,798.0,787.333,794.833,770.931,1565038,39.84,34.602,34.602,49.651,19.566,7.506,11.318,-7.625,804.048,833.041,775.056,21.965,Larsen & Toubro
2016-04-11,797.333,810.6,790.4,808.9,784.575,2529934,39.824,54.17,54.17,53.652,18.999,7.367,10.528,-6.323,804.955,833.326,776.584,21.838,Larsen & Toubro
2016-04-12,810.0,823.267,804.7,814.933,790.427,2837052,44.071,61.716,61.716,55.293,18.861,7.652,9.953,-4.601,806.18,834.022,778.338,21.603,Larsen & Toubro
2016-04-13,824.0,835.333,819.4,823.267,798.51,4955906,49.499,65.526,65.526,57.53,19.479,8.451,9.652,-2.403,807.87,835.543,780.197,21.516,Larsen & Toubro
2016-04-18,823.267,837.967,806.033,835.333,810.213,2644515,56.944,74.378,74.378,60.603,19.62,9.939,9.71,0.458,810.278,838.738,781.819,22.265,Larsen & Toubro
2016-04-20,835.333,845.3,832.0,843.967,818.587,2522848,64.767,81.787,81.787,62.684,19.789,11.678,10.103,3.149,813.037,843.364,782.71,21.621,Larsen & Toubro
2016-04-21,846.467,850.0,830.7,834.633,809.534,1723544,68.39,76.208,76.208,59.053,20.172,12.165,10.516,3.298,814.993,845.605,784.382,21.454,Larsen & Toubro
2016-04-22,833.333,846.0,827.667,843.4,818.038,2008374,71.844,74.288,74.288,61.319,20.442,13.105,11.033,4.142,817.187,849.379,784.994,21.23,Larsen & Toubro
2016-04-25,846.667,851.733,838.067,843.667,818.296,2128689,74.547,71.686,71.686,61.389,20.914,13.713,11.569,4.287,818.432,852.738,784.125,20.688,Larsen & Toubro
2016-04-26,840.733,855.633,840.233,854.0,828.319,1877685,77.927,79.178,79.178,64.101,21.683,14.855,12.226,5.257,819.888,857.646,782.131,20.309,Larsen & Toubro
2016-04-27,854.0,859.167,847.367,850.967,825.377,1557686,78.99,73.164,73.164,62.709,22.777,15.339,12.849,4.981,821.018,861.124,780.913,19.699,Larsen & Toubro
2016-04-28,851.333,855.267,835.6,839.7,814.449,2789970,74.93,54.575,54.575,57.696,22.97,14.647,13.209,2.877,822.792,862.908,782.675,19.696,Larsen & Toubro
2016-04-29,840.1,844.067,830.333,836.4,811.248,1689374,67.138,43.397,43.397,56.277,22.336,13.675,13.302,0.746,824.813,863.279,786.347,19.269,Larsen & Toubro
2016-05-02,830.667,837.333,824.0,833.833,808.758,1344315,59.322,39.414,39.414,55.141,21.635,12.553,13.152,-1.198,825.57,864.125,787.015,18.844,Larsen & Toubro
2016-05-03,837.333,855.433,830.0,834.267,809.179,2525150,52.5,37.164,37.164,55.306,21.095,11.566,12.835,-2.538,826.727,864.844,788.61,19.316,Larsen & Toubro
2016-05-04,831.367,838.6,826.667,831.2,806.204,1644345,46.181,32.411,32.411,53.806,20.432,10.416,12.351,-3.87,827.023,865.185,788.862,18.787,Larsen & Toubro
2016-05-05,829.667,855.0,829.467,849.233,823.695,2821256,47.16,47.756,47.756,60.575,20.488,10.833,12.047,-2.429,828.29,867.677,788.903,19.27,Larsen & Toubro
2016-05-06,847.333,848.267,836.0,840.3,815.031,1610382,48.117,47.877,47.877,56.183,20.991,10.324,11.703,-2.757,830.467,867.244,793.69,18.838,Larsen & Toubro
2016-05-09,842.667,864.6,842.133,863.033,837.08,2788514,53.848,63.764,63.764,63.446,22.338,11.619,11.686,-0.134,833.223,871.126,795.321,19.229,Larsen & Toubro
2016-05-10,863.333,881.8,858.667,880.033,853.569,3676146,61.167,74.557,74.557,67.751,24.577,13.856,12.12,3.472,837.795,875.087,800.503,19.508,Larsen & Toubro
2016-05-11,866.567,889.333,863.333,885.167,858.548,4603557,67.962,80.096,80.096,68.94,27.435,15.859,12.868,5.983,842.312,879.577,805.047,19.973,Larsen & Toubro
2016-05-12,883.4,893.267,874.167,877.4,851.015,1553274,71.463,71.444,71.444,65.032,30.651,16.629,13.62,6.018,845.737,882.662,808.811,19.91,Larsen & Toubro
2016-05-13,873.333,876.667,853.633,857.667,831.875,2103742,68.454,51.022,51.022,56.299,32.409,15.47,13.99,2.96,847.873,882.144,813.603,20.186,Larsen & Toubro
2016-05-16,861.2,864.0,845.833,855.5,829.774,2410952,61.775,40.808,40.808,55.419,32.736,14.213,14.035,0.357,849.485,881.862,817.108,20.042,Larsen & Toubro
2016-05-17,859.333,872.667,856.433,860.733,834.849,2223566,55.433,43.313,43.313,57.161,32.53,13.484,13.925,-0.882,850.755,882.786,818.724,19.836,Larsen & Toubro
2016-05-18,856.933,874.8,851.367,873.233,846.973,2603508,52.873,60.406,60.406,61.073,31.682,13.755,13.891,-0.272,852.218,885.589,818.847,20.093,Larsen & Toubro
2016-05-19,869.333,872.0,840.033,844.067,818.684,2005083,47.084,44.138,44.138,49.674,30.214,11.485,13.409,-3.849,852.69,885.272,820.108,21.031,Larsen & Toubro
2016-05-20,848.0,853.133,834.067,836.733,811.571,1672558,40.007,31.607,31.607,47.285,28.708,8.992,12.526,-7.069,852.357,885.471,819.243,20.89,Larsen & Toubro
2016-05-23,842.433,843.9,825.333,827.467,802.584,2198760,32.896,22.596,22.596,44.379,27.631,6.197,11.26,-10.127,851.547,886.307,816.786,20.724,Larsen & Toubro
2016-05-24,827.467,832.4,815.533,828.1,803.198,1858491,28.436,26.205,26.205,44.63,27.243,3.987,9.805,-11.637,850.252,886.524,813.979,20.448,Larsen & Toubro
2016-05-25,840.0,865.767,834.033,861.067,835.173,3721570,32.254,47.684,47.684,55.787,26.5,4.839,8.812,-7.947,850.757,887.351,814.162,21.679,Larsen & Toubro
2016-05-26,936.0,989.933,926.667,982.767,953.214,20691908,41.022,63.753,63.753,75.453,27.443,15.154,10.08,10.147,857.91,926.952,788.868,29.341,Larsen & Toubro
2016-05-27,982.667,991.567,968.0,983.267,953.698,5885740,50.948,74.079,74.079,75.501,29.418,23.103,12.685,20.837,865.253,953.291,777.216,28.928,Larsen & Toubro
2016-05-30,979.933,997.633,977.433,991.4,961.587,3487940,60.429,79.792,79.792,76.316,32.013,29.716,16.091,27.25,873.132,976.241,770.023,28.305,Larsen & Toubro
2016-05-31,990.8,991.4,978.133,982.367,952.826,3809606,68.003,69.356,69.356,73.396,34.902,33.839,19.641,28.396,880.537,992.763,768.311,27.23,Larsen & Toubro
2016-06-01,980.033,989.433,974.067,976.7,947.329,2486295,71.647,49.961,49.961,71.546,37.677,36.231,22.959,26.544,887.812,1005.312,770.312,26.382,Larsen & Toubro
2016-06-02,973.333,988.467,961.1,984.833,955.217,3103587,72.524,59.416,59.416,72.613,39.664,38.341,26.035,24.611,894.592,1018.208,770.975,26.452,Larsen & Toubro
2016-06-03,984.667,990.633,970.667,973.733,944.451,2250340,68.698,53.87,53.87,68.821,41.127,38.671,28.562,20.218,901.263,1026.928,775.598,25.989,Larsen & Toubro
2016-06-06,975.2,982.233,974.033,978.8,949.366,1901931,65.855,55.891,55.891,69.601,42.21,38.894,30.629,16.53,907.052,1035.926,778.177,24.739,Larsen & Toubro
2016-06-07,983.333,1000.0,974.2,991.933,962.104,3348536,66.081,61.427,61.427,71.586,43.366,39.672,32.437,14.47,912.647,1046.213,779.081,24.815,Larsen & Toubro
2016-06-08,996.8,1009.8,993.433,1007.47,977.174,3325263,69.419,72.113,72.113,73.769,44.69,41.069,34.164,13.811,918.762,1058.105,779.419,24.318,Larsen & Toubro
2016-06-09,1007.53,1009.13,991.4,994.3,964.4,1813730,69.899,66.896,66.896,68.936,45.934,40.645,35.46,10.37,924.607,1066.43,782.784,23.848,Larsen & Toubro
2016-06-10,988.2,1003.33,984.2,991.8,961.975,2152996,67.865,54.493,54.493,68.024,46.583,39.651,36.298,6.705,931.313,1072.492,790.135,23.511,Larsen & Toubro
2016-06-13,980.0,982.6,970.2,977.433,948.04,2209358,61.45,42.522,42.522,62.881,45.986,37.274,36.493,1.56,937.41,1075.297,799.524,23.374,Larsen & Toubro
2016-06-14,978.667,982.167,970.067,973.7,944.419,1689316,52.787,31.988,31.988,61.578,44.624,34.689,36.132,-2.888,943.058,1076.916,809.201,22.569,Larsen & Toubro
2016-06-15,976.0,1011.33,975.667,1009.2,978.852,2960616,53.609,52.938,52.938,68.304,43.757,35.099,35.926,-1.653,949.857,1082.589,817.125,23.645,Larsen & Toubro
2016-06-16,1006.0,1006.0,985.333,996.133,966.178,2447025,55.037,56.349,56.349,63.872,43.229,33.979,35.536,-3.115,957.46,1081.835,833.085,23.661,Larsen & Toubro
2016-06-17,996.333,1001.9,981.933,986.833,957.157,2653944,54.071,48.003,48.003,60.846,42.692,31.972,34.824,-5.702,964.965,1076.074,853.856,23.397,Larsen & Toubro
2016-06-20,975.6,1006.67,973.533,1004.7,974.487,2975367,56.96,63.353,63.353,64.341,41.589,31.461,34.151,-5.38,973.827,1065.297,882.357,24.093,Larsen & Toubro
2016-06-21,1006.67,1007.27,993.667,996.533,966.566,1195078,58.676,64.96,64.96,61.633,40.2,30.05,33.331,-6.561,982.248,1043.124,921.373,23.343,Larsen & Toubro
2016-06-22,997.333,1002.0,986.8,994.367,964.465,1813926,59.781,63.892,63.892,60.9,38.19,28.43,32.351,-7.842,988.913,1010.318,967.509,22.761,Larsen & Toubro
2016-06-23,991.4,1005.3,982.267,999.067,969.023,2053992,62.039,64.992,64.992,61.957,35.581,27.211,31.323,-8.223,989.728,1011.388,968.069,22.781,Larsen & Toubro
2016-06-24,965.667,978.667,934.0,953.733,925.053,6840802,59.142,52.553,52.553,48.382,34.445,22.33,29.524,-14.388,988.252,1015.158,961.346,25.802,Larsen & Toubro
2016-06-27,952.633,979.6,952.0,977.833,948.428,2560092,57.93,55.528,55.528,54.135,34.212,20.174,27.654,-14.961,987.573,1014.827,960.32,25.93,Larsen & Toubro
2016-06-28,979.133,994.333,978.667,982.7,953.148,2342134,58.544,63.925,63.925,55.22,33.68,18.643,25.852,-14.418,987.59,1014.831,960.349,25.256,Larsen & Toubro
2016-06-29,990.8,995.333,984.833,988.8,959.065,2000546,60.852,70.924,70.924,56.606,32.922,17.717,24.225,-13.015,988.195,1014.95,961.44,24.355,Larsen & Toubro
2016-06-30,992.133,1003.27,989.933,997.667,967.665,3960568,65.328,73.025,73.025,58.612,31.596,17.498,22.88,-10.764,988.837,1015.867,961.807,23.649,Larsen & Toubro
2016-07-01,1003.2,1030.0,1000.47,1028.43,997.503,3497924,70.947,80.858,80.858,64.707,30.442,19.58,22.22,-5.279,991.572,1022.895,960.249,24.269,Larsen & Toubro
2016-07-04,1033.33,1051.33,1032.23,1045.4,1013.963,2718052,75.765,84.019,84.019,67.546,30.02,22.342,22.244,0.196,994.902,1033.762,956.042,24.171,Larsen & Toubro
2016-07-05,1044.2,1054.67,1034.67,1050.73,1019.133,2636760,79.973,86.923,86.923,68.405,30.151,24.677,22.731,3.892,997.841,1043.972,951.711,23.873,Larsen & Toubro
2016-07-07,1050.73,1054.63,1033.77,1036.33,1005.166,2084571,80.92,64.039,64.039,63.511,30.565,25.076,23.2,3.752,999.284,1048.393,950.176,23.658,Larsen & Toubro
2016-07-08,1036.63,1037.43,1014.7,1021.77,991.044,1915600,76.717,48.589,48.589,58.92,30.067,23.941,23.348,1.187,1000.658,1050.707,950.609,23.592,Larsen & Toubro
2016-07-11,1038.67,1047.47,1036.37,1039.87,1008.599,1815518,73.321,53.404,53.404,62.545,29.392,24.223,23.523,1.401,1003.061,1055.86,950.262,23.742,Larsen & Toubro
2016-07-12,1045.2,1047.83,1031.3,1045.33,1013.895,2383048,72.18,66.421,66.421,63.588,28.359,24.604,23.739,1.729,1006.456,1061.019,951.894,23.227,Larsen & Toubro
2016-07-13,1045.4,1046.53,1028.73,1034.27,1003.168,2036055,69.099,53.949,53.949,59.944,26.997,23.739,23.739,0.0,1009.485,1063.108,955.862,22.839,Larsen & Toubro
2016-07-14,1039.3,1047.3,1028.67,1042.97,1011.606,1909636,69.533,60.844,60.844,61.799,25.517,23.486,23.689,-0.406,1011.173,1066.846,955.501,22.539,Larsen & Toubro
2016-07-15,1044.07,1063.33,1038.1,1057.23,1025.437,2428458,71.155,68.03,68.03,64.685,24.749,24.157,23.782,0.749,1014.228,1073.042,955.414,22.731,Larsen & Toubro
2016-07-18,1058.67,1069.1,1043.33,1049.6,1018.037,1855422,69.722,62.609,62.609,61.986,24.668,23.798,23.785,0.026,1017.366,1076.722,958.011,22.948,Larsen & Toubro
2016-07-19,1048.0,1055.67,1041.07,1048.53,1016.999,1926168,66.796,52.955,52.955,61.598,24.839,23.161,23.661,-0.999,1019.558,1080.167,958.949,22.352,Larsen & Toubro
2016-07-20,1048.67,1057.33,1045.7,1047.23,1015.738,1790912,63.175,42.629,42.629,61.098,25.237,22.294,23.387,-2.186,1022.093,1082.888,961.298,21.586,Larsen & Toubro
2016-07-21,1050.0,1050.0,1034.67,1038.37,1007.144,1678212,55.74,33.862,33.862,57.66,24.856,20.654,22.841,-4.373,1024.293,1084.039,964.547,21.139,Larsen & Toubro
2016-07-22,1040.07,1051.93,1035.03,1049.33,1017.775,1877206,50.973,44.14,44.14,60.612,24.126,20.008,22.274,-4.532,1026.806,1086.313,967.3,20.836,Larsen & Toubro
2016-07-25,1048.0,1059.2,1042.0,1057.27,1025.476,2209774,53.428,60.137,60.137,62.645,23.643,19.907,21.801,-3.787,1031.983,1081.977,981.989,20.576,Larsen & Toubro
2016-07-26,1059.0,1065.33,1054.07,1061.8,1029.87,1729184,58.414,69.542,69.542,63.793,23.657,19.963,21.433,-2.941,1036.181,1080.847,991.515,19.911,Larsen & Toubro
2016-07-27,1064.2,1076.67,1057.77,1068.1,1035.98,2467012,62.984,71.455,71.455,65.386,24.471,20.281,21.203,-1.843,1040.451,1079.574,1001.328,19.839,Larsen & Toubro
2016-07-28,1069.33,1071.07,1040.93,1051.5,1019.88,2811580,62.411,57.495,57.495,58.128,24.409,18.976,20.757,-3.563,1043.586,1074.461,1012.711,20.575,Larsen & Toubro
2016-07-29,1060.0,1062.3,1033.33,1039.23,1007.979,4228011,56.735,42.868,42.868,53.409,23.653,16.758,19.957,-6.4,1045.664,1067.917,1023.412,21.174,Larsen & Toubro
2016-08-01,1039.37,1057.33,993.333,995.8,965.855,9155450,48.237,29.636,29.636,40.787,23.918,11.365,18.239,-13.749,1044.033,1074.772,1013.294,24.233,Larsen & Toubro
2016-08-02,997.333,1009.2,993.5,1002.23,972.091,2410914,40.287,24.058,24.058,42.937,24.812,7.522,16.096,-17.146,1041.874,1077.83,1005.919,23.624,Larsen & Toubro
2016-08-03,1005.33,1011.43,980.333,985.733,956.09,2619658,32.938,18.376,18.376,39.022,26.375,3.111,13.499,-20.776,1038.625,1082.16,995.089,24.157,Larsen & Toubro
2016-08-04,997.333,997.333,973.6,979.433,949.98,2254336,26.743,17.39,17.39,37.612,28.44,-0.884,10.622,-23.012,1035.78,1086.748,984.811,24.127,Larsen & Toubro
2016-08-05,986.9,1011.17,985.333,1008.13,977.814,2805628,25.601,42.019,42.019,47.008,29.819,-1.714,8.155,-19.738,1035.098,1087.208,982.988,24.671,Larsen & Toubro
2016-08-08,1013.33,1016.43,998.067,1004.77,974.555,1403924,30.334,52.272,52.272,46.132,30.402,-2.613,6.001,-17.229,1033.343,1087.114,979.572,24.22,Larsen & Toubro
2016-08-09,1006.6,1006.67,991.6,1000.63,970.539,1865400,36.08,51.245,51.245,45.018,30.712,-3.618,4.077,-15.391,1031.108,1086.473,975.742,23.567,Larsen & Toubro
2016-08-10,1000.9,1002.67,984.233,988.8,959.065,1683261,38.568,38.891,38.891,41.906,31.101,-5.308,2.2,-15.017,1028.834,1087.3,970.368,23.2,Larsen & Toubro
2016-08-11,983.367,986.0,975.233,983.133,953.568,2240372,37.519,34.304,34.304,40.463,31.817,-7.024,0.355,-14.758,1025.842,1087.31,964.375,22.512,Larsen & Toubro
2016-08-12,986.0,1003.8,985.667,994.6,964.691,1659132,38.108,45.468,45.468,44.619,31.552,-7.373,-1.19,-12.365,1022.711,1083.826,961.596,22.38,Larsen & Toubro
2016-08-16,994.6,1008.43,981.333,1004.23,974.031,2610843,43.84,59.428,59.428,47.907,30.43,-6.794,-2.311,-8.966,1020.442,1080.717,960.168,22.717,Larsen & Toubro
2016-08-17,1002.5,1009.5,994.0,1001.67,971.548,1384653,50.089,63.686,63.686,47.107,28.752,-6.468,-3.142,-6.651,1018.099,1077.413,958.786,22.202,Larsen & Toubro
2016-08-18,994.0,999.133,986.667,988.067,976.139,1780732,51.463,50.426,50.426,42.994,27.186,-7.223,-3.958,-6.529,1015.141,1074.238,956.044,21.687,Larsen & Toubro
2016-08-19,992.0,998.0,986.433,996.233,984.206,1392250,52.232,47.779,47.779,46.04,25.761,-7.082,-4.583,-4.997,1013.034,1071.647,954.422,20.965,Larsen & Toubro
2016-08-22,996.667,1002.67,986.0,995.1,983.087,1837995,52.202,50.049,50.049,45.675,24.108,-6.98,-5.063,-3.835,1010.323,1066.846,953.8,20.658,Larsen & Toubro
2016-08-23,995.1,996.467,975.467,984.767,972.879,1273490,49.424,44.762,44.762,42.379,23.015,-7.645,-5.579,-4.133,1006.698,1059.735,953.66,20.682,Larsen & Toubro
2016-08-24,983.333,992.3,976.7,982.333,970.474,1230627,45.503,38.255,38.255,41.617,22.311,-8.274,-6.118,-4.311,1002.724,1049.971,955.477,20.319,Larsen & Toubro
2016-08-25,984.067,988.867,967.0,969.767,958.06,2616154,39.566,28.633,28.633,37.835,22.395,-9.674,-6.829,-5.69,997.808,1036.01,959.606,20.43,Larsen & Toubro
2016-08-26,970.0,973.3,946.933,951.467,939.981,2788650,33.435,22.42,22.42,33.116,23.665,-12.121,-7.888,-8.467,992.806,1027.436,958.176,20.854,Larsen & Toubro
2016-08-29,954.667,975.833,946.133,973.0,961.254,2094230,32.926,35.904,35.904,42.245,25.389,-12.182,-8.746,-6.871,989.495,1017.458,961.532,21.486,Larsen & Toubro
2016-08-30,978.667,985.2,971.9,983.767,971.891,2598309,38.099,56.046,56.046,46.199,26.505,-11.232,-9.244,-3.977,988.893,1016.803,960.983,20.901,Larsen & Toubro
2016-08-31,983.333,1011.97,980.2,1008.63,996.454,4152240,46.712,69.007,69.007,54.027,26.84,-8.377,-9.07,1.387,989.213,1017.902,960.524,21.677,Larsen & Toubro
2016-09-01,1008.67,1011.7,1001.37,1004.73,992.601,1905766,55.239,73.315,73.315,52.731,26.676,-6.355,-8.527,4.344,990.163,1019.615,960.711,20.867,Larsen & Toubro
2016-09-02,1004.73,1008.33,991.2,1003.37,991.257,1755506,62.551,73.187,73.187,52.26,25.644,-4.807,-7.783,5.952,991.36,1020.921,961.798,20.6,Larsen & Toubro
2016-09-06,1003.37,1016.17,1002.1,1010.93,998.726,1960860,68.647,75.129,75.129,54.682,24.474,-2.937,-6.814,7.754,991.5,1021.42,961.58,20.134,Larsen & Toubro
2016-09-07,1015.13,1027.63,1006.67,1012.17,999.951,2648264,71.218,69.274,69.274,55.084,23.776,-1.339,-5.719,8.76,991.87,1022.651,961.088,20.193,Larsen & Toubro
2016-09-08,1017.03,1030.63,1014.1,1026.33,1013.94,1692184,74.347,74.492,74.492,59.507,23.523,1.058,-4.363,10.843,993.155,1027.424,958.885,20.069,Larsen & Toubro
2016-09-09,1026.67,1027.4,1006.67,1011.8,999.585,2262933,73.282,56.798,56.798,53.667,23.014,1.765,-3.138,9.805,994.305,1029.49,959.119,20.116,Larsen & Toubro
2016-09-12,992.0,994.4,973.267,975.467,963.691,1953572,65.092,39.144,39.144,42.449,22.927,-0.6,-2.63,4.06,993.921,1029.78,958.063,21.432,Larsen & Toubro
2016-09-14,975.467,988.0,970.733,983.533,971.66,1718754,56.594,33.625,33.625,45.188,23.187,-1.803,-2.465,1.324,993.368,1029.523,957.213,21.134,Larsen & Toubro
2016-09-15,983.4,984.7,971.433,980.167,968.334,1126282,48.279,35.704,35.704,44.242,23.655,-2.993,-2.57,-0.845,992.165,1028.399,955.93,20.572,Larsen & Toubro
2016-09-16,984.733,999.333,979.0,982.133,970.277,2112272,41.454,37.089,37.089,44.967,23.303,-3.734,-2.803,-1.862,991.188,1027.397,954.979,20.555,Larsen & Toubro
2016-09-19,984.0,993.333,976.0,986.533,974.624,942540,39.954,42.767,42.767,46.639,22.603,-3.922,-3.027,-1.79,991.111,1027.355,954.868,20.325,Larsen & Toubro
2016-09-20,985.333,989.567,979.033,983.967,972.088,1097205,39.989,39.893,39.893,45.766,21.71,-4.228,-3.267,-1.923,990.498,1026.791,954.205,19.626,Larsen & Toubro
2016-09-21,986.667,991.933,977.533,981.4,969.552,1337072,39.53,36.98,36.98,44.861,20.552,-4.625,-3.539,-2.173,989.813,1026.258,953.369,19.252,Larsen & Toubro
2016-09-22,993.333,1002.67,984.667,999.967,987.895,1952950,44.919,54.402,54.402,52.22,19.632,-3.403,-3.512,0.218,990.573,1027.208,953.938,19.396,Larsen & Toubro
2016-09-23,1003.33,1011.67,993.733,998.0,985.952,3121780,49.176,56.253,56.253,51.437,19.366,-2.563,-3.322,1.518,991.356,1027.919,954.793,19.292,Larsen & Toubro
2016-09-26,994.667,1007.97,974.4,977.133,965.337,2122144,46.419,39.947,39.947,43.912,18.773,-3.54,-3.365,-0.349,991.725,1027.512,955.937,20.312,Larsen & Toubro
2016-09-27,980.033,984.2,954.3,957.6,946.04,2819210,40.675,28.548,28.548,38.268,18.824,-5.824,-3.857,-3.933,992.031,1026.445,957.618,20.997,Larsen & Toubro
2016-09-28,961.333,978.0,958.967,970.6,958.883,2393218,36.76,29.156,29.156,43.475,19.276,-6.509,-4.387,-4.244,991.911,1026.62,957.203,20.954,Larsen & Toubro
2016-09-29,974.4,979.333,946.967,958.4,946.83,3040346,32.898,29.673,29.673,40.06,20.374,-7.946,-5.099,-5.693,990.643,1028.331,952.955,21.769,Larsen & Toubro
2016-09-30,956.667,960.367,941.0,955.433,943.899,3497865,29.922,32.332,32.332,39.253,22.016,-9.217,-5.923,-6.589,987.983,1027.776,948.19,21.598,Larsen & Toubro
2016-10-03,958.7,983.167,956.8,980.467,968.631,2181718,35.425,52.754,52.754,48.657,22.483,-8.111,-6.36,-3.501,986.77,1025.887,947.653,22.036,Larsen & Toubro
2016-10-04,984.533,986.367,962.233,966.1,954.437,2289638,40.082,53.611,53.611,44.408,22.037,-8.298,-6.748,-3.101,984.906,1024.244,945.569,22.186,Larsen & Toubro
2016-10-05,973.333,974.6,960.767,969.3,957.599,2059848,44.629,49.833,49.833,45.549,21.113,-8.095,-7.017,-2.155,982.825,1020.745,944.905,21.589,Larsen & Toubro
2016-10-06,976.0,978.3,964.0,969.667,957.961,1627376,48.713,44.811,44.811,45.686,19.865,-7.814,-7.177,-1.275,980.7,1016.394,945.006,21.069,Larsen & Toubro
2016-10-07,968.667,973.267,960.667,971.3,959.574,1098752,50.564,49.974,49.974,46.336,18.509,-7.375,-7.216,-0.317,977.948,1006.626,949.27,20.464,Larsen & Toubro
2016-10-10,973.967,976.933,964.7,966.667,954.997,875912,48.363,44.659,44.659,44.702,17.127,-7.317,-7.236,-0.16,975.692,999.91,951.473,19.876,Larsen & Toubro
2016-10-13,966.667,966.667,954.2,958.933,947.357,2659995,44.193,36.712,36.712,42.036,16.22,-7.804,-7.35,-0.908,974.865,1000.218,949.512,19.347,Larsen & Toubro
2016-10-14,962.667,984.933,959.067,983.233,971.363,2632323,47.926,55.964,55.964,51.768,15.639,-6.159,-7.112,1.906,974.85,1000.182,949.518,19.822,Larsen & Toubro
2016-10-17,983.267,984.667,960.667,965.3,953.647,2140920,48.273,49.349,49.349,45.674,15.283,-6.23,-6.935,1.411,974.107,999.653,948.56,20.12,Larsen & Toubro
2016-10-18,971.8,994.6,967.367,992.167,980.189,1983014,53.505,63.95,63.95,54.345,15.577,-4.072,-6.363,4.582,974.608,1001.191,948.025,20.776,Larsen & Toubro
2016-10-19,992.167,1000.67,984.033,994.033,982.033,2146896,59.41,70.436,70.436,54.884,16.53,-2.185,-5.527,6.684,974.983,1002.471,947.496,20.48,Larsen & Toubro
2016-10-20,997.333,1005.0,988.367,1002.43,990.329,1502340,65.923,78.015,78.015,57.324,18.037,-0.013,-4.424,8.823,975.906,1005.799,946.014,20.206,Larsen & Toubro
2016-10-21,1002.67,1009.4,995.4,1007.23,995.071,1670799,72.109,82.491,82.491,58.699,20.014,2.072,-3.125,10.395,977.198,1010.164,944.232,19.762,Larsen & Toubro
2016-10-24,1011.1,1013.33,991.2,995.1,983.087,1517036,73.55,63.985,63.985,53.967,21.764,2.715,-1.957,9.344,976.955,1009.279,944.631,19.931,Larsen & Toubro
2016-10-25,996.667,999.567,985.8,989.4,977.456,838206,68.054,47.016,47.016,51.851,22.769,2.733,-1.019,7.503,976.525,1007.884,945.165,19.491,Larsen & Toubro
2016-10-26,986.467,992.667,980.367,988.2,976.27,867620,60.69,39.265,39.265,51.394,22.78,2.62,-0.291,5.822,977.078,1008.87,945.286,18.977,Larsen & Toubro
2016-10-27,986.5,988.6,971.4,983.533,971.66,2440678,53.889,40.535,40.535,49.566,22.457,2.129,0.193,3.873,978.375,1008.913,947.836,18.85,Larsen & Toubro
2016-10-28,980.667,989.933,975.333,987.133,975.216,1212981,49.048,51.683,51.683,51.014,21.816,2.007,0.556,2.904,979.201,1009.748,948.654,18.547,Larsen & Toubro
2016-11-01,987.133,987.367,973.333,975.433,963.657,947158,43.037,41.709,41.709,46.356,21.157,0.956,0.636,0.641,980.053,1009.07,951.036,18.225,Larsen & Toubro
2016-11-02,965.2,970.0,957.667,965.767,954.108,1493444,38.155,36.174,36.174,42.873,21.453,-0.65,0.379,-2.057,980.57,1008.069,953.07,18.192,Larsen & Toubro
2016-11-03,961.433,977.767,961.333,962.8,951.177,1411942,33.514,29.877,29.877,41.834,21.578,-2.137,-0.124,-4.025,979.686,1008.311,951.061,18.066,Larsen & Toubro
2016-11-04,951.267,956.267,931.267,946.533,935.106,18639006,30.618,30.861,30.861,36.597,22.743,-4.576,-1.015,-7.122,978.708,1010.455,946.961,19.028,Larsen & Toubro
2016-11-07,950.0,954.467,928.233,932.0,920.749,2158653,26.637,23.109,23.109,32.663,24.592,-7.593,-2.33,-10.526,976.843,1014.71,938.976,19.543,Larsen & Toubro
2016-11-08,937.0,937.333,922.667,931.467,920.222,1881726,23.683,24.136,24.136,32.525,26.944,-9.914,-3.847,-12.133,974.933,1017.842,932.024,19.194,Larsen & Toubro
2016-11-09,880.0,939.4,863.4,926.967,915.777,4757398,25.914,39.358,39.358,31.321,30.297,-11.978,-5.473,-13.009,972.716,1020.696,924.736,23.252,Larsen & Toubro
2016-11-10,933.7,951.333,933.7,941.4,930.035,2766432,33.359,55.807,55.807,39.107,33.471,-12.307,-6.84,-10.934,971.453,1021.394,921.512,23.332,Larsen & Toubro
2016-11-11,931.267,939.333,924.0,925.867,914.69,2518286,40.583,60.884,60.884,34.565,36.547,-13.663,-8.205,-10.918,969.8,1023.531,916.068,22.908,Larsen & Toubro
2016-11-15,925.867,938.333,908.833,913.533,902.505,3958053,45.619,44.276,44.276,31.443,39.634,-15.555,-9.675,-11.76,966.315,1025.175,907.455,23.379,Larsen & Toubro
2016-11-16,924.867,925.533,900.667,917.033,905.963,3299710,49.565,43.626,43.626,33.285,42.706,-16.58,-11.056,-11.048,963.901,1026.759,901.044,23.485,Larsen & Toubro
2016-11-17,918.8,922.667,906.667,914.0,902.966,1377642,48.736,40.883,40.883,32.471,45.659,-17.436,-12.332,-10.209,959.993,1025.129,894.856,22.95,Larsen & Toubro
2016-11-18,914.667,921.567,907.333,913.633,902.604,1654947,46.678,44.637,44.637,32.367,48.432,-17.938,-13.453,-8.969,955.973,1022.179,889.767,22.328,Larsen & Toubro
2016-11-21,919.133,919.133,893.333,898.6,887.752,1962840,41.878,35.743,35.743,28.389,51.171,-19.325,-14.627,-9.396,950.781,1017.926,883.637,22.576,Larsen & Toubro
2016-11-22,905.5,906.667,869.667,886.367,875.667,3084870,38.412,34.554,34.554,25.628,54.004,-21.168,-15.936,-10.465,944.738,1012.246,877.23,23.606,Larsen & Toubro
2016-11-23,904.667,923.333,898.667,904.833,893.91,7493139,39.885,44.879,44.879,35.78,55.677,-20.898,-16.928,-7.939,940.225,1005.592,874.858,24.56,Larsen & Toubro
2016-11-24,902.6,910.6,893.333,899.767,888.905,4315370,42.34,48.615,48.615,34.393,56.668,-20.852,-17.713,-6.278,935.743,999.176,872.31,24.039,Larsen & Toubro
2016-11-25,905.2,916.8,890.933,913.8,902.768,3065824,47.864,55.936,55.936,41.194,56.792,-19.459,-18.062,-2.793,932.023,991.079,872.968,24.17,Larsen & Toubro
2016-11-28,913.633,914.8,900.0,904.633,893.712,1777818,52.24,54.945,54.945,38.394,56.368,-18.877,-18.225,-1.304,928.078,983.046,873.111,23.501,Larsen & Toubro
2016-11-29,904.667,913.133,899.367,901.633,890.748,1741328,52.05,50.418,50.418,37.496,55.637,-18.445,-18.269,-0.352,923.803,972.357,875.249,22.805,Larsen & Toubro
2016-11-30,910.0,927.5,900.0,921.833,910.705,4335632,55.572,60.231,60.231,46.561,53.683,-16.285,-17.872,3.174,921.123,963.157,879.089,23.141,Larsen & Toubro
2016-12-01,924.267,935.0,915.2,925.567,914.393,2151998,59.695,64.663,64.663,48.06,50.585,-14.109,-17.12,6.02,919.113,955.643,882.583,22.902,Larsen & Toubro
2016-12-02,918.667,919.733,906.0,907.9,896.94,1217828,57.555,50.633,50.633,42.048,47.36,-13.653,-16.426,5.546,916.368,946.821,885.915,22.664,Larsen & Toubro
2016-12-05,906.8,909.867,899.4,904.1,893.186,1062822,51.685,38.156,38.156,40.864,44.479,-13.444,-15.83,4.772,914.247,941.606,886.887,21.793,Larsen & Toubro
2016-12-06,905.433,916.0,905.2,908.1,897.137,1771910,46.049,39.7,39.7,42.693,41.487,-12.807,-15.225,4.836,913.052,939.208,886.896,21.086,Larsen & Toubro
2016-12-07,912.0,916.733,900.0,902.533,891.638,1557765,39.405,32.492,32.492,40.802,38.809,-12.606,-14.701,4.19,911.605,936.649,886.561,20.775,Larsen & Toubro
2016-12-08,910.1,917.167,907.867,911.3,900.299,1388842,38.577,43.602,43.602,44.939,36.388,-11.606,-14.082,4.952,910.822,934.8,886.843,20.336,Larsen & Toubro
2016-12-09,915.267,915.533,904.667,908.133,897.17,1211254,39.384,44.86,44.86,43.75,34.408,-10.943,-13.455,5.023,909.158,928.342,889.975,19.66,Larsen & Toubro
2016-12-12,906.667,916.6,904.067,909.967,898.982,1636280,41.817,44.919,44.919,44.663,32.664,-10.152,-12.794,5.284,908.363,925.876,890.85,19.151,Larsen & Toubro
2016-12-13,910.667,919.267,910.133,917.133,906.061,2168126,48.133,58.6,58.6,48.203,30.844,-8.845,-12.004,6.318,908.543,926.351,890.735,18.447,Larsen & Toubro
2016-12-14,921.267,921.267,904.733,906.633,895.688,1360938,47.25,44.039,44.039,43.784,29.464,-8.558,-11.315,5.513,908.023,925.389,890.657,18.311,Larsen & Toubro
2016-12-15,899.833,911.4,899.333,904.567,893.647,900524,44.258,37.314,37.314,42.949,28.775,-8.401,-10.732,4.663,907.552,924.746,890.357,17.865,Larsen & Toubro
2016-12-16,904.2,909.667,901.367,907.067,896.117,1577426,41.929,36.629,36.629,44.332,28.541,-7.982,-10.182,4.4,907.223,924.178,890.269,17.181,Larsen & Toubro
2016-12-19,905.0,906.0,894.367,896.633,885.809,1148169,37.171,28.854,28.854,39.977,29.042,-8.396,-9.825,2.859,907.125,924.311,889.939,16.861,Larsen & Toubro
2016-12-20,896.667,907.467,896.1,903.667,892.758,1177779,34.768,39.497,39.497,43.973,29.758,-8.063,-9.472,2.82,907.99,922.273,893.706,16.469,Larsen & Toubro
2016-12-21,905.467,907.033,893.333,894.667,883.867,950224,30.657,29.478,29.478,40.278,30.766,-8.428,-9.264,1.671,907.482,922.915,892.048,16.271,Larsen & Toubro
2016-12-22,893.833,896.0,874.7,876.433,865.853,1357563,25.974,21.415,21.415,34.039,32.705,-10.072,-9.425,-1.294,906.315,926.879,885.751,16.63,Larsen & Toubro
2016-12-23,877.167,894.667,868.333,891.633,880.869,2136648,27.622,34.345,34.345,42.092,35.316,-10.034,-9.547,-0.973,905.207,926.451,883.963,17.323,Larsen & Toubro
2016-12-26,890.4,896.667,878.9,891.733,880.968,1198728,31.93,50.426,50.426,42.142,37.964,-9.881,-9.614,-0.534,904.562,926.646,882.478,17.355,Larsen & Toubro
2016-12-27,893.333,906.333,886.067,903.733,892.823,1222356,40.46,64.67,64.67,47.955,39.319,-8.692,-9.429,1.476,904.667,926.712,882.621,17.563,Larsen & Toubro
2016-12-28,904.667,908.833,897.333,899.967,889.102,1294264,48.434,66.573,66.573,46.38,39.546,-7.961,-9.136,2.349,903.573,924.154,882.992,17.13,Larsen & Toubro
2016-12-29,894.367,902.667,886.933,892.8,882.022,2010627,53.309,54.24,54.24,43.455,39.673,-7.87,-8.882,2.026,901.935,920.234,883.635,17.03,Larsen & Toubro
2016-12-30,896.667,903.667,896.0,899.4,888.542,1280979,57.162,55.136,55.136,46.783,39.614,-7.182,-8.542,2.721,901.51,919.62,883.4,16.59,Larsen & Toubro
2017-01-02,904.033,912.667,899.433,906.4,895.458,1476812,61.017,61.973,61.973,50.135,38.481,-6.003,-8.034,4.063,901.625,919.833,883.417,16.353,Larsen & Toubro
2017-01-03,906.667,916.667,901.467,911.467,900.464,1363398,65.118,66.262,66.262,52.469,36.439,-4.606,-7.349,5.485,901.793,920.313,883.273,16.27,Larsen & Toubro
2017-01-04,916.667,920.9,913.667,917.733,906.654,2144739,69.781,72.59,72.59,55.258,34.259,-2.96,-6.471,7.022,902.553,922.401,882.706,15.782,Larsen & Toubro
2017-01-05,921.5,930.0,918.667,928.2,916.995,2781498,74.622,79.624,79.624,59.53,32.708,-0.801,-5.337,9.072,903.398,926.054,880.742,15.531,Larsen & Toubro
2017-01-06,930.0,935.8,925.067,927.3,916.106,1462912,76.997,73.615,73.615,59.008,31.931,0.827,-4.104,9.863,904.357,929.356,879.357,15.188,Larsen & Toubro
2017-01-09,928.0,931.967,917.8,920.433,909.321,819484,75.635,53.952,53.952,55.045,30.893,1.546,-2.974,9.04,904.88,930.795,878.965,15.115,Larsen & Toubro
2017-01-10,920.167,930.0,918.367,925.0,913.833,1359729,72.315,49.302,49.302,57.108,29.729,2.456,-1.888,8.688,905.273,932.191,878.355,14.867,Larsen & Toubro
2017-01-11,932.0,945.233,930.0,941.567,930.2,1514451,72.431,61.747,61.747,63.63,29.436,4.462,-0.618,10.161,907.02,938.463,875.577,15.25,Larsen & Toubro
2017-01-12,943.267,969.533,942.667,966.233,954.569,2707455,74.837,72.348,72.348,70.759,30.442,7.951,1.096,13.71,910.103,951.158,869.049,16.158,Larsen & Toubro
2017-01-13,973.333,973.333,954.8,959.167,947.588,1400770,75.868,70.668,70.668,66.724,32.306,10.03,2.883,14.295,912.708,959.203,866.213,16.328,Larsen & Toubro
2017-01-16,956.667,966.667,954.867,961.867,950.255,1052802,76.69,67.982,67.982,67.487,34.639,11.76,4.658,14.204,915.97,966.678,865.262,16.004,Larsen & Toubro
2017-01-17,960.0,973.3,960.0,963.833,952.198,1423840,77.209,61.568,61.568,68.061,37.337,13.138,6.354,13.568,918.978,973.601,864.356,15.811,Larsen & Toubro
2017-01-18,964.0,979.333,964.0,968.3,956.611,1538178,76.629,59.347,59.347,69.384,40.292,14.425,7.968,12.913,922.66,980.23,865.09,15.789,Larsen & Toubro
2017-01-19,968.667,975.333,963.367,966.3,954.635,1019914,73.065,50.427,50.427,68.026,43.218,15.109,9.396,11.425,927.153,983.548,870.759,15.516,Larsen & Toubro
2017-01-20,966.3,969.267,940.667,943.167,931.781,2177486,64.081,35.773,35.773,54.686,43.815,13.627,10.242,6.769,929.73,983.959,875.501,16.45,Larsen & Toubro
2017-01-23,941.333,942.0,921.267,929.033,917.818,3534069,54.454,28.637,28.637,48.437,43.334,11.183,10.431,1.505,931.595,982.803,880.387,16.84,Larsen & Toubro
2017-01-24,932.167,949.333,932.0,946.533,935.106,1879688,48.96,36.637,36.637,55.255,41.756,10.537,10.452,0.171,933.735,983.6,883.87,17.087,Larsen & Toubro
2017-01-25,949.867,969.333,946.933,966.5,954.832,2294774,50.374,55.793,55.793,61.509,39.948,11.504,10.662,1.683,937.062,986.315,887.809,17.495,Larsen & Toubro
2017-01-27,966.5,980.167,955.567,959.933,948.345,1871126,52.699,56.526,56.526,58.608,38.447,11.606,10.851,1.51,940.418,985.983,894.854,18.002,Larsen & Toubro
2017-01-30,962.0,978.0,958.667,961.867,950.255,2601585,55.536,52.663,52.663,59.218,37.191,11.709,11.023,1.372,943.542,985.704,901.379,18.097,Larsen & Toubro
2017-01-31,960.0,970.0,951.333,964.167,952.527,1894154,58.047,49.945,49.945,59.973,35.639,11.839,11.186,1.306,946.43,985.694,907.166,18.138,Larsen & Toubro
2017-02-01,965.3,996.567,964.2,993.5,981.506,3577634,63.137,64.37,64.37,68.093,34.887,14.146,11.778,4.736,950.532,991.519,909.545,19.157,Larsen & Toubro
2017-02-02,994.4,996.0,980.2,984.333,972.45,2257914,66.491,67.231,67.231,63.741,34.661,15.061,12.434,5.253,953.862,994.449,913.275,18.917,Larsen & Toubro
2017-02-03,984.333,992.0,971.333,987.133,975.216,1650459,69.387,68.439,68.439,64.488,34.161,15.829,13.113,5.432,956.808,998.102,915.515,19.042,Larsen & Toubro
2017-02-06,990.0,1000.0,986.267,989.2,977.258,1526715,71.61,66.401,66.401,65.06,33.809,16.416,13.774,5.284,959.903,1001.163,918.643,18.663,Larsen & Toubro
2017-02-07,986.8,1003.2,981.433,1000.2,988.125,2499546,74.898,74.463,74.463,68.012,33.219,17.566,14.532,6.067,963.892,1004.503,923.28,18.885,Larsen & Toubro
2017-02-08,1003.2,1007.33,992.833,1004.57,992.443,1689792,78.296,79.423,79.423,69.128,32.682,18.615,15.349,6.533,967.87,1008.027,927.713,18.571,Larsen & Toubro
2017-02-09,1005.33,1007.23,984.267,993.8,981.803,1529256,78.042,68.867,68.867,63.269,31.569,18.366,15.952,4.828,970.482,1010.228,930.736,18.885,Larsen & Toubro
2017-02-10,996.833,1005.43,994.833,1001.3,989.212,1300986,77.781,70.529,70.529,65.464,30.135,18.56,16.474,4.173,972.235,1014.223,930.247,18.367,Larsen & Toubro
2017-02-13,1003.7,1006.0,987.7,1000.1,988.027,930046,77.032,70.003,70.003,64.797,28.296,18.405,16.86,3.089,974.282,1017.558,931.006,18.362,Larsen & Toubro
2017-02-14,1003.33,1004.63,990.667,995.067,983.055,926546,73.343,60.087,60.087,61.945,26.269,17.672,17.023,1.299,975.942,1019.757,932.127,18.048,Larsen & Toubro
2017-02-15,995.133,1003.8,984.1,986.667,974.756,1952469,64.788,43.965,43.965,57.404,24.677,16.226,16.863,-1.274,977.083,1020.76,933.407,18.166,Larsen & Toubro
2017-02-16,989.267,990.0,974.033,980.167,968.334,2071947,55.919,35.993,35.993,54.1,23.997,14.39,16.369,-3.957,977.677,1021.173,934.181,18.009,Larsen & Toubro
2017-02-17,980.7,990.0,976.667,985.333,973.438,1028691,49.691,36.649,36.649,56.255,23.912,13.2,15.735,-5.07,978.629,1021.908,935.349,17.675,Larsen & Toubro
2017-02-20,988.567,994.667,983.367,988.433,976.501,1105371,46.632,47.695,47.695,57.544,23.684,12.364,15.061,-5.394,980.892,1020.98,940.803,17.219,Larsen & Toubro
2017-02-21,984.0,993.4,984.0,988.867,976.929,970616,45.628,54.389,54.389,57.731,23.374,11.603,14.369,-5.533,983.883,1015.768,951.999,16.661,Larsen & Toubro
2017-02-22,988.667,992.5,981.867,984.633,972.746,1291317,45.819,43.463,43.463,55.169,23.204,10.536,13.603,-6.132,985.788,1012.392,959.185,16.23,Larsen & Toubro
2017-02-23,986.667,1004.0,978.8,991.067,979.103,2175398,46.667,45.201,45.201,58.205,22.644,10.094,12.901,-5.613,987.017,1012.096,961.938,16.871,Larsen & Toubro
2017-02-27,991.067,1000.0,973.4,977.233,965.436,1553900,43.251,34.31,34.31,50.315,21.627,8.529,12.027,-6.995,987.882,1010.052,965.712,17.566,Larsen & Toubro
2017-02-28,981.333,991.967,977.433,979.467,967.643,1773558,39.13,29.482,29.482,51.459,20.362,7.384,11.098,-7.428,988.762,1007.754,969.77,17.364,Larsen & Toubro
2017-03-01,981.333,989.9,980.767,984.1,972.22,1219412,36.836,33.063,33.063,53.834,18.985,6.772,10.233,-6.921,989.758,1005.047,974.47,16.869,Larsen & Toubro
2017-03-02,988.033,996.9,980.0,982.633,970.771,1920216,35.076,30.946,30.946,52.951,18.074,6.099,9.406,-6.615,989.215,1004.714,973.716,16.871,Larsen & Toubro
2017-03-03,980.9,985.567,973.333,980.233,968.4,1205019,33.271,30.39,30.39,51.463,17.01,5.31,8.587,-6.554,989.01,1004.885,973.135,16.54,Larsen & Toubro
2017-03-06,978.667,992.667,978.667,990.4,978.444,821986,36.819,44.4,44.4,56.977,16.277,5.443,7.958,-5.031,989.173,1005.034,973.313,16.358,Larsen & Toubro
2017-03-07,989.333,994.367,986.3,990.933,978.97,991566,42.603,57.491,57.491,57.252,15.924,5.527,7.472,-3.889,989.26,1005.141,973.38,15.766,Larsen & Toubro
2017-03-08,989.6,996.333,979.233,984.2,972.319,1424362,45.563,48.767,48.767,52.684,15.255,4.993,6.976,-3.966,988.46,1003.616,973.305,15.861,Larsen & Toubro
2017-03-09,981.933,988.533,976.667,984.6,972.714,1111050,47.259,45.958,45.958,52.924,14.666,4.55,6.491,-3.882,987.462,1000.652,974.271,15.576,Larsen & Toubro
2017-03-10,987.267,998.333,986.7,994.4,982.396,1836264,51.856,57.921,57.921,58.487,14.366,4.932,6.179,-2.494,987.492,1000.746,974.238,15.444,Larsen & Toubro
2017-03-14,994.4,1045.8,994.4,1038.73,1026.19,7224810,58.112,68.538,68.538,73.653,15.979,8.712,6.686,4.053,989.363,1015.315,963.412,18.013,Larsen & Toubro
2017-03-15,1038.0,1040.0,1026.8,1032.6,1020.134,2408866,63.425,71.581,71.581,69.853,18.73,11.085,7.566,7.039,990.988,1023.108,958.869,17.669,Larsen & Toubro
2017-03-16,1039.33,1050.0,1038.67,1047.37,1034.726,2396146,69.452,79.477,79.477,73.412,22.268,13.996,8.852,10.289,993.603,1034.452,952.755,17.65,Larsen & Toubro
2017-03-17,1047.37,1048.6,1029.43,1035.03,1022.535,1927983,72.897,64.809,64.809,66.362,25.389,15.133,10.108,10.051,996.021,1040.689,951.354,17.758,Larsen & Toubro
2017-03-20,1036.0,1036.93,1023.5,1025.1,1012.725,1442108,72.464,45.219,45.219,61.263,27.676,15.06,11.098,7.922,998.268,1044.083,952.453,17.449,Larsen & Toubro
2017-03-21,1033.33,1043.07,1028.67,1032.7,1020.233,2415213,68.077,42.364,42.364,63.57,29.58,15.436,11.966,6.941,1000.636,1048.488,952.785,17.486,Larsen & Toubro
2017-03-22,1025.23,1034.5,1016.93,1019.9,1007.588,3371402,59.561,32.03,32.03,57.373,30.307,14.535,12.48,4.11,1002.21,1050.439,953.98,17.492,Larsen & Toubro
2017-03-23,1024.67,1038.93,1012.7,1029.27,1016.845,2511771,54.287,39.54,39.54,60.415,30.482,14.41,12.866,3.088,1004.23,1053.48,954.98,18.116,Larsen & Toubro
2017-03-24,1032.0,1038.67,1027.67,1034.13,1021.646,1347656,53.751,53.593,53.593,61.933,30.304,14.536,13.2,2.672,1006.705,1056.776,956.633,17.608,Larsen & Toubro
2017-03-27,1033.27,1036.67,1025.33,1029.27,1016.845,1583550,53.603,56.786,56.786,59.477,29.708,14.081,13.376,1.41,1008.615,1059.088,958.142,17.16,Larsen & Toubro
2017-03-28,1032.0,1038.53,1027.4,1029.5,1017.072,2628958,54.698,48.277,48.277,59.559,28.994,13.582,13.417,0.33,1011.228,1060.251,962.205,16.73,Larsen & Toubro
2017-03-29,1036.0,1045.07,1033.33,1037.7,1025.173,2280357,57.688,53.073,53.073,62.465,28.64,13.691,13.472,0.438,1014.14,1062.127,966.153,16.647,Larsen & Toubro
2017-03-30,1042.0,1046.67,1034.83,1038.3,1025.766,2288326,59.361,54.237,54.237,62.677,28.62,13.668,13.511,0.314,1016.85,1063.804,969.896,16.303,Larsen & Toubro
2017-03-31,1034.73,1062.43,1034.73,1049.93,1037.255,3543100,60.876,55.173,55.173,66.602,29.527,14.422,13.694,1.458,1020.215,1066.485,973.945,17.117,Larsen & Toubro
2017-04-03,1054.6,1110.67,1051.07,1107.33,1093.962,6576885,65.451,68.649,68.649,78.578,31.829,19.428,14.84,9.175,1026.57,1083.421,969.719,20.233,Larsen & Toubro
2017-04-05,1107.33,1133.3,1098.57,1130.97,1117.317,5179798,71.064,78.311,78.311,81.518,35.092,25.014,16.875,16.277,1033.598,1104.614,962.582,21.269,Larsen & Toubro
2017-04-06,1123.33,1134.9,1112.67,1122.13,1108.583,2740816,75.357,80.463,80.463,77.249,38.85,28.4,19.18,18.44,1040.158,1118.445,961.871,21.338,Larsen & Toubro
2017-04-07,1116.67,1146.63,1114.07,1123.67,1110.105,4096640,77.724,71.051,71.051,77.47,42.86,30.852,21.515,18.675,1047.132,1129.188,965.075,22.139,Larsen & Toubro
2017-04-10,1125.33,1139.4,1108.67,1116.03,1102.557,2406430,77.692,53.83,53.83,73.643,46.459,31.812,23.574,16.477,1053.703,1135.725,971.681,22.753,Larsen & Toubro
2017-04-11,1116.03,1139.33,1114.0,1136.6,1122.879,1974126,77.838,60.413,60.413,76.945,49.672,33.843,25.628,16.43,1060.813,1145.79,975.836,22.937,Larsen & Toubro
2017-04-12,1130.0,1141.0,1117.53,1135.2,1121.496,2135064,77.02,67.628,67.628,76.245,52.554,34.937,27.49,14.894,1065.636,1156.109,975.164,22.975,Larsen & Toubro
2017-04-13,1129.67,1129.67,1114.97,1119.03,1105.521,1975484,71.131,51.295,51.295,68.492,54.854,34.106,28.813,10.585,1069.958,1162.029,977.887,22.779,Larsen & Toubro
2017-04-17,1119.03,1126.4,1113.93,1120.9,1107.368,1135260,64.813,42.78,42.78,68.886,56.589,33.215,29.693,7.043,1073.635,1167.757,979.512,22.042,Larsen & Toubro
2017-04-18,1122.67,1132.63,1108.8,1113.0,1099.564,1839489,56.253,34.395,34.395,65.177,58.069,31.508,30.056,2.904,1077.533,1171.382,983.684,22.17,Larsen & Toubro
2017-04-19,1113.33,1116.67,1107.9,1113.7,1100.255,1158162,48.145,30.747,30.747,65.355,59.218,29.868,30.019,-0.301,1081.963,1173.732,990.194,21.213,Larsen & Toubro
2017-04-20,1115.93,1124.4,1108.8,1120.8,1107.27,1044189,44.988,37.886,37.886,67.187,60.328,28.809,29.777,-1.936,1086.368,1176.626,996.11,20.812,Larsen & Toubro
2017-04-21,1130.0,1134.47,1120.0,1125.0,1111.419,2415932,45.737,46.71,46.71,68.256,61.586,27.986,29.418,-2.865,1091.623,1177.729,1005.517,20.359,Larsen & Toubro
2017-04-24,1128.67,1157.6,1127.33,1155.13,1141.185,3238530,51.547,62.786,62.786,74.641,63.185,29.425,29.42,0.011,1097.916,1183.228,1012.604,21.233,Larsen & Toubro
2017-04-25,1160.0,1166.67,1157.33,1164.07,1150.017,2879794,59.022,73.334,73.334,76.172,65.016,30.931,29.722,2.418,1104.413,1189.06,1019.766,20.541,Larsen & Toubro
2017-04-26,1164.0,1176.0,1160.0,1167.53,1153.436,2885722,65.496,76.422,76.422,76.757,66.993,32.035,30.185,3.7,1111.326,1192.652,1030.0,20.217,Larsen & Toubro
2017-04-27,1165.23,1182.67,1162.67,1177.83,1163.611,2126127,71.349,77.914,77.914,78.453,69.033,33.356,30.819,5.074,1118.742,1195.579,1041.906,20.201,Larsen & Toubro
2017-04-28,1175.37,1177.17,1160.13,1166.53,1152.448,1637739,73.894,61.544,61.544,72.227,70.749,33.109,31.277,3.664,1125.184,1194.662,1055.706,20.023,Larsen & Toubro
2017-05-02,1166.53,1178.0,1150.0,1154.7,1140.76,1861142,68.412,45.825,45.825,66.295,71.132,31.595,31.34,0.509,1131.004,1188.265,1073.743,20.592,Larsen & Toubro
2017-05-03,1157.33,1163.5,1144.0,1146.8,1132.956,1296282,59.18,33.295,33.295,62.598,70.118,29.418,30.956,-3.076,1135.847,1178.844,1092.851,20.514,Larsen & Toubro
2017-05-04,1149.33,1161.3,1148.0,1154.43,1140.494,1255336,51.497,32.422,32.422,64.648,68.269,27.986,30.362,-4.751,1138.203,1179.758,1096.647,20.085,Larsen & Toubro
2017-05-05,1153.33,1154.07,1135.47,1149.6,1135.722,1555142,46.053,38.418,38.418,62.319,64.894,26.16,29.522,-6.723,1139.134,1180.842,1097.426,20.004,Larsen & Toubro
2017-05-08,1152.0,1159.2,1136.73,1139.73,1125.971,1246116,39.629,31.11,31.11,57.741,61.002,23.644,28.346,-9.404,1140.014,1180.947,1099.081,20.181,Larsen & Toubro
2017-05-09,1141.33,1171.3,1136.67,1163.1,1149.059,1836462,40.939,46.444,46.444,64.408,57.545,23.268,27.331,-8.126,1141.985,1183.399,1100.572,21.213,Larsen & Toubro
2017-05-10,1169.8,1176.67,1154.07,1159.5,1145.502,2010128,43.453,49.988,49.988,62.765,54.712,22.42,26.348,-7.856,1144.159,1184.383,1103.935,21.312,Larsen & Toubro
2017-05-11,1166.67,1169.67,1146.4,1157.9,1143.922,1270446,45.791,51.017,51.017,62.008,51.702,21.373,25.353,-7.96,1145.224,1185.732,1104.716,21.452,Larsen & Toubro
2017-05-12,1158.3,1171.33,1151.07,1160.4,1146.392,1803768,48.334,49.428,49.428,62.764,48.782,20.509,24.384,-7.751,1146.484,1187.246,1105.722,21.366,Larsen & Toubro
2017-05-15,1165.73,1167.7,1157.67,1161.6,1147.577,1195701,51.019,53.276,53.276,63.143,46.022,19.694,23.446,-7.506,1148.612,1187.752,1109.473,20.557,Larsen & Toubro
2017-05-16,1164.67,1165.5,1151.7,1160.47,1146.461,1654389,51.708,50.983,50.983,62.498,42.871,18.74,22.505,-7.53,1150.591,1187.784,1113.398,20.074,Larsen & Toubro
2017-05-17,1162.6,1176.0,1153.67,1170.3,1156.172,2502879,55.24,59.503,59.503,65.774,40.308,18.564,21.717,-6.306,1153.456,1187.117,1119.795,20.235,Larsen & Toubro
2017-05-18,1159.77,1166.73,1144.27,1148.4,1134.536,2155830,52.119,44.007,44.007,54.378,37.386,16.467,20.667,-8.399,1155.191,1183.352,1127.03,20.649,Larsen & Toubro
2017-05-19,1152.67,1156.0,1131.7,1149.7,1135.821,2268141,49.455,42.882,42.882,54.878,34.913,14.741,19.482,-9.482,1156.636,1179.908,1133.364,20.91,Larsen & Toubro
2017-05-22,1155.33,1172.67,1152.67,1167.97,1153.87,2839224,51.873,58.098,58.098,61.295,32.501,14.677,18.521,-7.687,1158.784,1177.183,1140.386,21.057,Larsen & Toubro
2017-05-23,1170.0,1176.6,1151.6,1160.5,1146.49,1463805,54.311,60.113,60.113,57.683,30.416,13.864,17.59,-7.45,1159.053,1177.383,1140.723,21.339,Larsen & Toubro
2017-05-24,1161.4,1171.27,1118.4,1122.97,1109.413,2173070,50.233,42.692,42.692,43.738,29.038,10.076,16.087,-12.022,1156.998,1181.226,1132.77,23.591,Larsen & Toubro
2017-05-25,1128.0,1183.33,1128.0,1179.23,1164.994,5404772,53.248,59.69,59.69,59.532,27.516,11.481,15.166,-7.37,1157.583,1183.395,1131.771,26.217,Larsen & Toubro
2017-05-26,1180.0,1199.33,1169.23,1191.73,1177.343,3066081,58.74,69.996,69.996,62.079,25.896,13.448,14.822,-2.749,1158.278,1186.973,1129.583,26.495,Larsen & Toubro
2017-05-29,1189.27,1206.63,1177.33,1188.27,1173.925,3033658,63.452,72.214,72.214,60.936,24.549,14.559,14.769,-0.42,1159.365,1190.885,1127.845,26.695,Larsen & Toubro
2017-05-30,1210.67,1222.63,1169.33,1178.37,1164.145,6550440,64.89,53.848,53.848,57.663,23.944,14.475,14.711,-0.471,1160.548,1193.091,1128.006,28.595,Larsen & Toubro
2017-05-31,1181.67,1190.0,1167.13,1173.8,1159.63,3000732,63.696,39.905,39.905,56.164,23.698,13.879,14.544,-1.33,1161.898,1194.28,1129.517,28.186,Larsen & Toubro
2017-06-01,1173.33,1198.67,1165.33,1195.2,1180.771,2898184,61.881,43.98,43.98,61.246,23.968,14.961,14.628,0.667,1163.937,1199.332,1128.542,28.555,Larsen & Toubro
2017-06-02,1200.0,1203.33,1185.4,1189.33,1174.972,1425321,58.852,50.372,50.372,59.218,24.698,15.17,14.736,0.868,1165.923,1202.374,1129.473,27.796,Larsen & Toubro
2017-06-05,1196.67,1206.27,1189.0,1203.27,1188.744,1906419,58.324,64.472,64.472,62.402,25.786,16.273,15.044,2.459,1169.1,1206.986,1131.215,27.044,Larsen & Toubro
2017-06-06,1205.13,1205.37,1181.43,1183.43,1169.144,1431069,56.521,45.665,45.665,55.733,26.465,15.369,15.109,0.521,1170.117,1208.414,1131.82,26.822,Larsen & Toubro
2017-06-07,1182.67,1196.33,1182.0,1192.4,1178.005,1327540,56.786,45.164,45.164,57.922,26.866,15.201,15.127,0.148,1171.762,1210.954,1132.57,25.93,Larsen & Toubro
2017-06-08,1192.67,1199.33,1181.0,1182.83,1168.551,1428980,51.399,32.613,32.613,54.808,27.231,14.133,14.928,-1.59,1173.008,1211.929,1134.088,25.387,Larsen & Toubro
2017-06-09,1184.67,1189.27,1174.4,1185.47,1171.159,1632207,47.153,36.543,36.543,55.518,26.965,13.346,14.612,-2.532,1174.262,1213.088,1135.436,24.636,Larsen & Toubro
2017-06-12,1185.2,1185.33,1139.27,1157.73,1143.754,4068957,43.13,34.607,34.607,47.132,27.141,10.364,13.762,-6.797,1174.068,1213.197,1134.94,26.176,Larsen & Toubro
2017-06-13,1163.03,1169.8,1157.7,1159.33,1145.334,1412274,40.261,36.445,36.445,47.624,27.587,8.037,12.617,-9.16,1174.011,1213.227,1134.796,25.171,Larsen & Toubro
2017-06-14,1161.33,1180.9,1156.53,1176.3,1162.1,2079657,41.363,51.095,51.095,52.651,27.422,7.477,11.589,-8.225,1174.311,1213.499,1135.124,25.113,Larsen & Toubro
2017-06-15,1171.43,1174.6,1153.33,1156.9,1142.934,1481092,41.174,38.38,38.38,47.087,27.032,5.405,10.352,-9.895,1174.736,1212.912,1136.561,24.96,Larsen & Toubro
2017-06-16,1156.57,1167.33,1147.13,1151.13,1137.234,2243152,39.377,29.535,29.535,45.545,26.802,3.259,8.934,-11.349,1174.808,1212.791,1136.825,24.62,Larsen & Toubro
2017-06-19,1157.33,1173.33,1154.8,1170.53,1156.399,1781056,41.902,48.085,48.085,51.316,26.225,3.089,7.765,-9.352,1174.936,1212.839,1137.033,24.447,Larsen & Toubro
2017-06-20,1172.47,1179.3,1160.13,1167.0,1152.912,1565472,44.906,52.645,52.645,50.272,25.029,2.639,6.74,-8.202,1175.261,1212.752,1137.77,24.07,Larsen & Toubro
2017-06-21,1172.33,1188.0,1167.33,1169.47,1155.352,3556928,47.325,49.825,49.825,51.023,23.828,2.453,5.882,-6.859,1177.586,1206.121,1149.051,23.851,Larsen & Toubro
2017-06-22,1173.33,1177.07,1154.87,1157.6,1143.625,1761759,45.988,35.964,35.964,47.325,22.573,1.332,4.972,-7.28,1176.504,1206.385,1146.624,23.733,Larsen & Toubro
2017-06-23,1160.0,1162.17,1146.0,1148.47,1134.606,1716825,40.938,25.936,25.936,44.645,21.776,-0.289,3.92,-8.418,1174.341,1205.803,1142.88,23.193,Larsen & Toubro
2017-06-27,1148.47,1158.63,1123.93,1134.47,1120.775,2317046,35.972,23.902,23.902,40.826,22.086,-2.673,2.601,-10.548,1171.651,1207.052,1136.251,24.015,Larsen & Toubro
2017-06-28,1132.57,1138.67,1120.9,1135.5,1121.792,1578525,32.186,27.727,27.727,41.224,23.161,-4.428,1.196,-11.247,1169.508,1208.231,1130.785,23.569,Larsen & Toubro
2017-06-29,1136.07,1148.77,1130.37,1135.77,1122.059,2709552,29.869,31.622,31.622,41.336,23.93,-5.731,-0.19,-11.082,1167.606,1209.079,1126.134,23.2,Larsen & Toubro
2017-06-30,1132.67,1132.67,1107.53,1125.07,1111.488,3251535,29.087,35.258,35.258,38.24,25.197,-7.54,-1.66,-11.76,1164.1,1207.561,1120.639,23.56,Larsen & Toubro
2017-07-03,1125.33,1140.33,1115.6,1124.83,1111.251,2170096,29.269,37.489,37.489,38.171,26.236,-8.891,-3.106,-11.569,1160.875,1205.994,1115.756,23.643,Larsen & Toubro
2017-07-04,1133.33,1133.33,1114.0,1122.23,1108.682,1640038,30.058,39.931,39.931,37.384,27.149,-10.055,-4.496,-11.118,1156.823,1200.442,1113.204,23.335,Larsen & Toubro
2017-07-05,1122.67,1132.67,1120.07,1130.2,1116.556,1034440,33.177,47.13,47.13,41.376,27.952,-10.217,-5.64,-9.154,1154.161,1197.439,1110.884,22.568,Larsen & Toubro
2017-07-06,1132.8,1137.97,1126.87,1131.73,1118.068,1417581,39.075,56.076,56.076,42.139,28.227,-10.105,-6.533,-7.144,1151.128,1191.53,1110.726,21.749,Larsen & Toubro
2017-07-07,1131.33,1145.27,1126.8,1136.27,1122.553,1845099,45.268,58.812,58.812,44.449,27.622,-9.54,-7.134,-4.812,1148.8,1186.805,1110.795,21.515,Larsen & Toubro
2017-07-10,1141.33,1159.33,1141.33,1154.77,1140.83,324260,52.984,67.869,67.869,52.729,26.852,-7.513,-7.21,-0.606,1147.265,1181.307,1113.223,21.625,Larsen & Toubro
2017-07-11,1159.6,1166.6,1153.33,1160.73,1146.718,2123948,60.235,73.663,73.663,55.053,26.349,-5.364,-6.841,2.954,1147.415,1181.677,1113.153,21.029,Larsen & Toubro
2017-07-12,1165.33,1171.13,1157.13,1159.7,1145.7,2036904,65.012,69.657,69.657,54.554,26.231,-3.701,-6.213,5.024,1147.433,1181.723,1113.144,20.526,Larsen & Toubro
2017-07-13,1165.1,1182.5,1160.0,1175.1,1175.1,1643754,69.546,71.315,71.315,60.344,26.797,-1.128,-5.196,8.136,1147.373,1181.454,1113.293,20.689,Larsen & Toubro
2017-07-14,1183.0,1183.0,1159.55,1171.2,1171.2,1401864,71.798,65.672,65.672,58.318,27.79,0.59,-4.039,9.258,1148.088,1183.581,1112.596,20.886,Larsen & Toubro
2017-07-17,1178.0,1182.0,1162.4,1171.25,1171.25,1646087,71.533,60.413,60.413,58.337,29.013,1.934,-2.844,9.555,1149.094,1186.06,1112.129,20.794,Larsen & Toubro
2017-07-18,1169.9,1187.0,1168.1,1177.9,1177.9,2375324,71.193,62.558,62.558,60.93,30.55,3.494,-1.576,10.142,1149.463,1187.461,1111.465,20.659,Larsen & Toubro
2017-07-19,1184.0,1187.0,1170.1,1181.3,1181.3,1827242,71.935,67.315,67.315,62.225,32.229,4.949,-0.271,10.44,1150.178,1190.057,1110.299,20.39,Larsen & Toubro
2017-07-20,1182.0,1194.45,1176.0,1185.65,1185.65,1845852,72.582,67.078,67.078,63.875,34.246,6.379,1.059,10.64,1150.987,1193.107,1108.867,20.252,Larsen & Toubro
2017-07-21,1190.0,1190.0,1170.2,1179.25,1179.25,1912305,70.646,57.244,57.244,59.741,35.626,6.916,2.23,9.372,1152.069,1195.98,1108.159,20.22,Larsen & Toubro
2017-07-24,1177.0,1182.65,1171.1,1178.0,1178.0,1313657,66.111,48.885,48.885,58.939,36.557,7.158,3.216,7.885,1153.546,1198.909,1108.183,19.6,Larsen & Toubro
2017-07-25,1178.0,1179.95,1165.5,1170.85,1170.85,2182162,58.803,39.869,39.869,54.437,36.44,6.696,3.912,5.569,1155.365,1200.424,1110.306,19.232,Larsen & Toubro
2017-07-26,1169.9,1184.0,1166.0,1180.25,1180.25,1161591,54.682,53.156,53.156,58.884,36.001,7.008,4.531,4.953,1157.602,1202.951,1112.254,19.144,Larsen & Toubro
2017-07-27,1180.8,1194.9,1173.0,1182.05,1182.05,3881208,53.03,54.201,54.201,59.695,36.052,7.315,5.088,4.455,1159.916,1205.298,1114.535,19.341,Larsen & Toubro
2017-07-28,1184.0,1190.4,1153.5,1161.4,1161.4,3278658,48.524,42.495,42.495,47.995,34.978,5.826,5.235,1.181,1161.733,1204.046,1119.42,20.595,Larsen & Toubro
