date,open,high,low,close,volume,scrip_name
2017-05-15T09:15:00+0530,848.55,849.85,845.0,847.6,144045,HCLTECH
2017-05-15T10:15:00+0530,847.6,848.95,846.0,848.0,51978,HCLTECH
2017-05-15T11:15:00+0530,848.0,848.45,845.55,846.4,85985,HCLTECH
2017-05-15T12:15:00+0530,846.4,849.0,845.5,848.7,48068,HCLTECH
2017-05-15T13:15:00+0530,848.7,849.45,846.3,847.0,83896,HCLTECH
2017-05-15T14:15:00+0530,847.0,850.0,846.65,847.85,170346,HCLTECH
2017-05-15T15:15:00+0530,847.85,849.5,847.0,847.05,102192,HCLTECH
2017-05-16T09:15:00+0530,850.65,856.1,848.2,852.4,1352311,HCLTECH
2017-05-16T10:15:00+0530,852.4,853.0,850.7,851.55,176201,HCLTECH
2017-05-16T11:15:00+0530,851.6,851.6,848.4,850.35,347078,HCLTECH
2017-05-16T12:15:00+0530,850.5,851.45,850.0,850.95,151122,HCLTECH
2017-05-16T13:15:00+0530,850.95,851.7,848.25,850.8,233274,HCLTECH
2017-05-16T14:15:00+0530,850.8,851.05,848.85,849.85,488520,HCLTECH
2017-05-16T15:15:00+0530,849.5,850.15,848.05,849.45,222491,HCLTECH
2017-05-17T09:15:00+0530,852.0,853.65,842.2,844.1,315689,HCLTECH
2017-05-17T10:15:00+0530,844.1,848.45,843.9,846.9,133288,HCLTECH
2017-05-17T11:15:00+0530,846.9,848.15,845.45,847.6,133727,HCLTECH
2017-05-17T12:15:00+0530,847.6,847.7,844.2,846.45,139422,HCLTECH
2017-05-17T13:15:00+0530,846.45,849.8,846.0,849.35,131806,HCLTECH
2017-05-17T14:15:00+0530,849.35,854.25,849.0,853.95,355709,HCLTECH
2017-05-17T15:15:00+0530,854.0,855.3,853.25,853.95,161318,HCLTECH
2017-05-18T09:15:00+0530,852.0,857.5,849.4,856.85,305420,HCLTECH
2017-05-18T10:15:00+0530,856.95,861.6,855.5,860.85,1160603,HCLTECH
2017-05-18T11:15:00+0530,861.0,872.25,859.2,867.25,983422,HCLTECH
2017-05-18T12:15:00+0530,867.25,867.95,853.2,855.05,412622,HCLTECH
2017-05-18T13:15:00+0530,855.0,861.3,854.4,855.7,190233,HCLTECH
2017-05-18T14:15:00+0530,855.7,856.4,850.1,850.15,337305,HCLTECH
2017-05-18T15:15:00+0530,850.15,850.3,844.25,845.65,260841,HCLTECH
2017-05-19T09:15:00+0530,853.0,854.5,848.0,848.95,349712,HCLTECH
2017-05-19T10:15:00+0530,848.85,849.5,845.25,847.05,249958,HCLTECH
2017-05-19T11:15:00+0530,847.0,847.0,844.1,844.6,205414,HCLTECH
2017-05-19T12:15:00+0530,844.6,846.0,844.2,844.8,121245,HCLTECH
2017-05-19T13:15:00+0530,844.8,845.7,844.4,844.95,198560,HCLTECH
2017-05-19T14:15:00+0530,844.95,845.4,844.1,844.6,240032,HCLTECH
2017-05-19T15:15:00+0530,844.6,845.0,844.5,845.0,81000,HCLTECH
2017-05-22T09:15:00+0530,851.15,854.7,848.25,854.3,549270,HCLTECH
2017-05-22T10:15:00+0530,854.3,859.35,851.75,858.1,393187,HCLTECH
2017-05-22T11:15:00+0530,858.1,862.25,857.05,859.0,350796,HCLTECH
2017-05-22T12:15:00+0530,859.0,860.0,858.1,858.45,245972,HCLTECH
2017-05-22T13:15:00+0530,858.45,860.0,857.3,858.6,267395,HCLTECH
2017-05-22T14:15:00+0530,858.6,860.0,857.25,857.75,569214,HCLTECH
2017-05-22T15:15:00+0530,857.65,859.0,856.4,857.85,498712,HCLTECH
2017-05-23T09:15:00+0530,863.0,870.35,859.15,865.35,835747,HCLTECH
2017-05-23T10:15:00+0530,865.4,865.4,862.1,863.0,240549,HCLTECH
2017-05-23T11:15:00+0530,863.0,863.7,861.05,861.95,340151,HCLTECH
2017-05-23T12:15:00+0530,862.0,862.8,860.05,862.5,314201,HCLTECH
2017-05-23T13:15:00+0530,862.2,866.0,861.95,864.9,380531,HCLTECH
2017-05-23T14:15:00+0530,864.9,865.25,864.05,864.85,663052,HCLTECH
2017-05-23T15:15:00+0530,864.85,865.95,860.0,865.0,430378,HCLTECH
2017-05-24T09:15:00+0530,853.85,853.85,843.85,844.9,319713,HCLTECH
2017-05-24T10:15:00+0530,844.6,844.9,840.0,843.5,290365,HCLTECH
2017-05-24T11:15:00+0530,843.45,854.9,843.35,853.35,293029,HCLTECH
2017-05-24T12:15:00+0530,853.35,857.95,850.0,853.7,260075,HCLTECH
2017-05-24T13:15:00+0530,853.7,854.95,850.0,852.05,276815,HCLTECH
2017-05-24T14:15:00+0530,852.05,857.65,850.0,856.15,433882,HCLTECH
2017-05-24T15:15:00+0530,856.15,856.8,850.0,852.25,136871,HCLTECH
2017-05-25T09:15:00+0530,860.95,861.5,852.75,857.9,246814,HCLTECH
2017-05-25T10:15:00+0530,857.9,866.0,856.65,865.6,277525,HCLTECH
2017-05-25T11:15:00+0530,865.6,867.5,863.3,867.0,211957,HCLTECH
2017-05-25T12:15:00+0530,867.0,867.0,861.6,862.2,182954,HCLTECH
2017-05-25T13:15:00+0530,862.2,863.8,857.7,857.7,308456,HCLTECH
2017-05-25T14:15:00+0530,857.7,860.4,854.5,860.0,1034897,HCLTECH
2017-05-25T15:15:00+0530,860.0,863.0,857.2,859.0,678811,HCLTECH
2017-05-26T09:15:00+0530,857.55,866.0,855.45,860.1,226295,HCLTECH
2017-05-26T10:15:00+0530,860.1,860.65,858.3,859.85,187929,HCLTECH
2017-05-26T11:15:00+0530,859.85,860.9,858.85,860.0,197909,HCLTECH
2017-05-26T12:15:00+0530,860.0,862.0,859.8,861.25,213793,HCLTECH
2017-05-26T13:15:00+0530,861.25,862.5,859.6,860.9,205776,HCLTECH
2017-05-26T14:15:00+0530,860.9,861.0,856.9,859.5,179263,HCLTECH
2017-05-26T15:15:00+0530,859.6,860.05,857.4,857.65,89217,HCLTECH
2017-05-29T09:15:00+0530,858.05,872.0,851.45,867.9,384800,HCLTECH
2017-05-29T10:15:00+0530,867.9,871.0,862.3,864.6,148568,HCLTECH
2017-05-29T11:15:00+0530,864.85,864.85,861.5,863.0,80133,HCLTECH
2017-05-29T12:15:00+0530,862.95,863.85,861.5,861.65,282406,HCLTECH
2017-05-29T13:15:00+0530,861.65,863.6,859.3,863.25,288433,HCLTECH
2017-05-29T14:15:00+0530,863.25,870.0,860.6,863.0,470753,HCLTECH
2017-05-29T15:15:00+0530,863.0,869.45,861.0,864.9,187259,HCLTECH
2017-05-30T09:15:00+0530,863.85,865.65,859.75,862.65,66442,HCLTECH
2017-05-30T10:15:00+0530,862.65,867.0,861.2,863.3,97151,HCLTECH
2017-05-30T11:15:00+0530,863.5,863.9,859.0,860.1,73013,HCLTECH
2017-05-30T12:15:00+0530,860.1,860.1,852.95,857.8,141242,HCLTECH
2017-05-30T13:15:00+0530,857.8,859.4,855.15,855.15,108953,HCLTECH
2017-05-30T14:15:00+0530,855.15,868.0,854.75,868.0,700974,HCLTECH
2017-05-30T15:15:00+0530,867.95,871.95,867.05,870.0,224118,HCLTECH
2017-05-31T09:15:00+0530,864.95,865.1,858.3,861.1,110260,HCLTECH
2017-05-31T10:15:00+0530,861.1,868.9,861.05,866.5,144483,HCLTECH
2017-05-31T11:15:00+0530,867.05,867.4,865.75,867.0,158161,HCLTECH
2017-05-31T12:15:00+0530,867.0,869.3,864.5,867.9,193808,HCLTECH
2017-05-31T13:15:00+0530,867.9,868.0,865.7,865.95,143553,HCLTECH
2017-05-31T14:15:00+0530,865.9,867.9,863.0,863.95,1157137,HCLTECH
2017-05-31T15:15:00+0530,864.0,864.95,858.3,860.0,965253,HCLTECH
2017-06-01T09:15:00+0530,861.65,867.4,859.15,867.0,91855,HCLTECH
2017-06-01T10:15:00+0530,867.0,871.0,866.75,868.9,115315,HCLTECH
2017-06-01T11:15:00+0530,868.9,869.7,866.8,867.75,104431,HCLTECH
2017-06-01T12:15:00+0530,867.7,867.7,863.1,864.25,127964,HCLTECH
2017-06-01T13:15:00+0530,864.25,864.25,862.15,863.6,103137,HCLTECH
2017-06-01T14:15:00+0530,863.6,863.9,861.5,863.0,168183,HCLTECH
2017-06-01T15:15:00+0530,863.0,863.1,860.5,863.0,210136,HCLTECH
2017-06-02T09:15:00+0530,863.25,869.7,863.0,864.85,452746,HCLTECH
2017-06-02T10:15:00+0530,864.85,865.9,862.0,862.65,63995,HCLTECH
2017-06-02T11:15:00+0530,862.6,865.4,862.55,865.0,43111,HCLTECH
2017-06-02T12:15:00+0530,864.95,865.3,856.65,857.1,126141,HCLTECH
2017-06-02T13:15:00+0530,857.05,859.75,853.7,857.0,110892,HCLTECH
2017-06-02T14:15:00+0530,856.95,859.0,856.0,858.95,198756,HCLTECH
2017-06-02T15:15:00+0530,858.95,859.0,856.2,857.0,114676,HCLTECH
2017-06-05T09:15:00+0530,857.25,866.9,856.0,862.9,153799,HCLTECH
2017-06-05T10:15:00+0530,862.55,863.4,857.75,858.65,76573,HCLTECH
2017-06-05T11:15:00+0530,858.65,860.05,857.55,858.65,176421,HCLTECH
2017-06-05T12:15:00+0530,858.7,860.85,858.2,858.9,85665,HCLTECH
2017-06-05T13:15:00+0530,858.9,859.9,858.8,859.5,279081,HCLTECH
2017-06-05T14:15:00+0530,859.5,860.6,858.2,859.0,402806,HCLTECH
2017-06-05T15:15:00+0530,858.95,859.0,857.05,858.0,233324,HCLTECH
2017-06-06T09:15:00+0530,875.05,887.0,866.1,883.4,1216573,HCLTECH
2017-06-06T10:15:00+0530,883.4,899.0,882.95,896.35,1681817,HCLTECH
2017-06-06T11:15:00+0530,896.4,909.6,896.4,897.5,1602087,HCLTECH
2017-06-06T12:15:00+0530,897.55,897.75,890.0,892.3,576048,HCLTECH
2017-06-06T13:15:00+0530,892.8,895.0,889.15,890.5,432897,HCLTECH
2017-06-06T14:15:00+0530,890.5,891.2,887.0,889.0,730715,HCLTECH
2017-06-06T15:15:00+0530,889.05,889.85,887.45,887.6,367052,HCLTECH
2017-06-07T09:15:00+0530,893.75,893.75,884.2,889.85,335479,HCLTECH
2017-06-07T10:15:00+0530,889.8,890.35,885.4,886.5,179727,HCLTECH
2017-06-07T11:15:00+0530,886.5,888.6,885.5,886.5,162315,HCLTECH
2017-06-07T12:15:00+0530,886.5,886.85,865.0,873.5,1228446,HCLTECH
2017-06-07T13:15:00+0530,873.5,883.0,872.05,878.35,518755,HCLTECH
2017-06-07T14:15:00+0530,878.2,883.5,877.8,881.35,694559,HCLTECH
2017-06-07T15:15:00+0530,881.2,883.8,876.0,880.0,244802,HCLTECH
2017-06-08T09:15:00+0530,880.4,880.4,865.7,870.7,245909,HCLTECH
2017-06-08T10:15:00+0530,870.8,874.4,869.8,873.45,120744,HCLTECH
2017-06-08T11:15:00+0530,873.45,873.7,870.5,873.0,169370,HCLTECH
2017-06-08T12:15:00+0530,873.0,873.0,869.65,869.85,99518,HCLTECH
2017-06-08T13:15:00+0530,869.85,870.45,868.15,869.0,137873,HCLTECH
2017-06-08T14:15:00+0530,869.0,870.1,865.65,868.25,432019,HCLTECH
2017-06-08T15:15:00+0530,868.2,870.0,865.55,866.0,208927,HCLTECH
2017-06-09T09:15:00+0530,866.85,872.9,860.65,868.8,291169,HCLTECH
2017-06-09T10:15:00+0530,868.8,869.0,867.25,867.65,119356,HCLTECH
2017-06-09T11:15:00+0530,867.65,869.45,867.2,867.45,211321,HCLTECH
2017-06-09T12:15:00+0530,867.45,868.5,860.1,860.15,199063,HCLTECH
2017-06-09T13:15:00+0530,860.15,861.15,856.65,857.5,183612,HCLTECH
2017-06-09T14:15:00+0530,857.5,863.4,857.4,860.95,210593,HCLTECH
2017-06-09T15:15:00+0530,861.0,861.5,857.9,859.2,134158,HCLTECH
2017-06-12T09:15:00+0530,862.75,864.0,852.05,857.8,237782,HCLTECH
2017-06-12T10:15:00+0530,858.0,859.75,854.1,857.6,110869,HCLTECH
2017-06-12T11:15:00+0530,857.8,859.9,857.1,857.7,100164,HCLTECH
2017-06-12T12:15:00+0530,857.7,859.9,857.15,858.9,80401,HCLTECH
2017-06-12T13:15:00+0530,858.95,868.65,858.2,865.15,202126,HCLTECH
2017-06-12T14:15:00+0530,865.2,868.3,863.15,864.75,197873,HCLTECH
2017-06-12T15:15:00+0530,864.6,868.0,863.75,868.0,101841,HCLTECH
2017-06-13T09:15:00+0530,864.9,864.9,857.25,859.1,205687,HCLTECH
2017-06-13T10:15:00+0530,859.0,860.0,857.65,859.95,105468,HCLTECH
2017-06-13T11:15:00+0530,859.95,859.95,855.25,858.0,127740,HCLTECH
2017-06-13T12:15:00+0530,858.05,858.05,852.5,854.15,148466,HCLTECH
2017-06-13T13:15:00+0530,854.05,854.6,852.95,854.15,121721,HCLTECH
2017-06-13T14:15:00+0530,854.05,854.65,846.1,849.3,298655,HCLTECH
2017-06-13T15:15:00+0530,849.45,849.55,842.3,846.0,234608,HCLTECH
2017-06-14T09:15:00+0530,848.05,849.65,845.1,845.4,127009,HCLTECH
2017-06-14T10:15:00+0530,845.4,847.0,841.0,843.5,120275,HCLTECH
2017-06-14T11:15:00+0530,843.5,843.7,841.5,841.8,59706,HCLTECH
2017-06-14T12:15:00+0530,841.8,844.7,841.0,844.4,131254,HCLTECH
2017-06-14T13:15:00+0530,844.4,846.8,843.85,845.35,78347,HCLTECH
2017-06-14T14:15:00+0530,845.5,854.95,845.45,852.7,241433,HCLTECH
2017-06-14T15:15:00+0530,851.9,855.1,851.9,852.6,142304,HCLTECH
2017-06-15T09:15:00+0530,851.95,852.95,843.3,844.05,220052,HCLTECH
2017-06-15T10:15:00+0530,844.05,844.75,842.8,843.3,128520,HCLTECH
2017-06-15T11:15:00+0530,843.3,844.0,841.7,843.5,516121,HCLTECH
2017-06-15T12:15:00+0530,843.5,844.5,842.2,843.5,137985,HCLTECH
2017-06-15T13:15:00+0530,843.5,845.5,841.9,844.45,217531,HCLTECH
2017-06-15T14:15:00+0530,844.45,845.45,843.0,845.0,205794,HCLTECH
2017-06-15T15:15:00+0530,845.0,845.9,843.25,845.7,347217,HCLTECH
2017-06-16T09:15:00+0530,843.8,847.0,840.0,842.45,223588,HCLTECH
2017-06-16T10:15:00+0530,842.25,842.45,838.25,840.3,199595,HCLTECH
2017-06-16T11:15:00+0530,840.0,840.35,835.7,836.3,145104,HCLTECH
2017-06-16T12:15:00+0530,836.0,838.75,835.75,836.35,119797,HCLTECH
2017-06-16T13:15:00+0530,836.35,838.7,835.05,835.65,210480,HCLTECH
2017-06-16T14:15:00+0530,835.5,839.45,835.5,839.0,739560,HCLTECH
2017-06-16T15:15:00+0530,839.0,840.2,836.15,836.65,273064,HCLTECH
2017-06-19T09:15:00+0530,839.5,842.7,837.7,837.8,120920,HCLTECH
2017-06-19T10:15:00+0530,837.8,838.95,830.3,834.3,120485,HCLTECH
2017-06-19T11:15:00+0530,834.3,838.75,833.5,836.1,108119,HCLTECH
2017-06-19T12:15:00+0530,836.1,836.7,832.5,833.05,69722,HCLTECH
2017-06-19T13:15:00+0530,833.15,835.95,831.7,835.65,84914,HCLTECH
2017-06-19T14:15:00+0530,835.65,842.4,834.45,842.4,184247,HCLTECH
2017-06-19T15:15:00+0530,842.5,845.9,842.05,845.2,156018,HCLTECH
2017-06-20T09:15:00+0530,844.5,851.65,843.0,849.55,238286,HCLTECH
2017-06-20T10:15:00+0530,849.55,851.5,849.1,849.1,91870,HCLTECH
2017-06-20T11:15:00+0530,849.1,850.4,848.25,850.1,119817,HCLTECH
2017-06-20T12:15:00+0530,850.1,850.95,848.5,850.35,100610,HCLTECH
2017-06-20T13:15:00+0530,850.35,853.45,849.35,853.25,148940,HCLTECH
2017-06-20T14:15:00+0530,853.25,855.0,852.75,854.2,238421,HCLTECH
2017-06-20T15:15:00+0530,854.6,855.05,853.65,854.15,102918,HCLTECH
2017-06-21T09:15:00+0530,852.0,852.1,838.5,843.25,280094,HCLTECH
2017-06-21T10:15:00+0530,843.25,843.55,841.0,842.4,116139,HCLTECH
2017-06-21T11:15:00+0530,842.1,843.55,841.65,843.0,87373,HCLTECH
2017-06-21T12:15:00+0530,843.0,843.6,842.7,843.05,80877,HCLTECH
2017-06-21T13:15:00+0530,843.05,844.1,842.55,843.0,80559,HCLTECH
2017-06-21T14:15:00+0530,843.05,844.85,842.45,843.05,154876,HCLTECH
2017-06-21T15:15:00+0530,843.05,843.6,842.3,843.0,107549,HCLTECH
2017-06-22T09:15:00+0530,849.1,849.4,836.2,837.55,145059,HCLTECH
2017-06-22T10:15:00+0530,837.9,843.15,837.5,843.15,82980,HCLTECH
2017-06-22T11:15:00+0530,843.15,847.0,841.65,845.0,204193,HCLTECH
2017-06-22T12:15:00+0530,845.0,854.0,842.0,851.6,238352,HCLTECH
2017-06-22T13:15:00+0530,851.6,852.45,848.3,850.2,154479,HCLTECH
2017-06-22T14:15:00+0530,850.2,852.0,847.5,850.0,478296,HCLTECH
2017-06-22T15:15:00+0530,849.95,852.95,845.0,847.15,142089,HCLTECH
2017-06-23T09:15:00+0530,849.95,851.8,845.6,850.25,214710,HCLTECH
2017-06-23T10:15:00+0530,850.25,852.75,849.75,850.15,97383,HCLTECH
2017-06-23T11:15:00+0530,850.1,857.9,849.1,855.0,181497,HCLTECH
2017-06-23T12:15:00+0530,854.95,856.5,851.2,851.95,136347,HCLTECH
2017-06-23T13:15:00+0530,851.95,852.65,848.55,851.05,104332,HCLTECH
2017-06-23T14:15:00+0530,851.05,853.35,850.65,852.35,211482,HCLTECH
2017-06-23T15:15:00+0530,852.35,853.1,848.55,851.0,134211,HCLTECH
2017-06-27T09:15:00+0530,853.55,858.9,847.0,851.5,283905,HCLTECH
2017-06-27T10:15:00+0530,851.5,851.75,849.75,850.15,166728,HCLTECH
2017-06-27T11:15:00+0530,850.15,850.9,849.7,850.1,74531,HCLTECH
2017-06-27T12:15:00+0530,850.1,850.95,849.2,850.15,100613,HCLTECH
2017-06-27T13:15:00+0530,850.65,853.0,847.3,847.85,99892,HCLTECH
2017-06-27T14:15:00+0530,847.6,850.0,838.6,844.4,194059,HCLTECH
2017-06-27T15:15:00+0530,844.6,845.9,833.2,836.0,172148,HCLTECH
2017-06-28T09:15:00+0530,837.95,855.8,833.35,855.75,304988,HCLTECH
2017-06-28T10:15:00+0530,855.7,857.25,846.05,846.9,125062,HCLTECH
2017-06-28T11:15:00+0530,846.9,849.85,845.2,847.9,397254,HCLTECH
2017-06-28T12:15:00+0530,847.9,852.45,846.65,849.95,86222,HCLTECH
2017-06-28T13:15:00+0530,849.15,850.75,846.35,848.1,61842,HCLTECH
2017-06-28T14:15:00+0530,848.2,851.7,847.65,849.0,141528,HCLTECH
2017-06-28T15:15:00+0530,849.0,849.85,845.55,846.05,123909,HCLTECH
2017-06-29T09:15:00+0530,852.55,853.8,842.5,849.5,143261,HCLTECH
2017-06-29T10:15:00+0530,849.4,851.15,848.0,850.6,45096,HCLTECH
2017-06-29T11:15:00+0530,850.6,852.6,848.0,851.7,43350,HCLTECH
2017-06-29T12:15:00+0530,851.75,852.15,847.55,848.6,42919,HCLTECH
2017-06-29T13:15:00+0530,847.55,849.5,845.0,847.0,154294,HCLTECH
2017-06-29T14:15:00+0530,847.0,850.0,844.25,849.8,557472,HCLTECH
2017-06-29T15:15:00+0530,849.85,857.0,844.6,849.5,505074,HCLTECH
2017-06-30T09:15:00+0530,847.8,847.8,841.05,842.2,128528,HCLTECH
2017-06-30T10:15:00+0530,842.2,842.45,838.45,841.25,73821,HCLTECH
2017-06-30T11:15:00+0530,841.2,846.5,840.7,846.35,98333,HCLTECH
2017-06-30T12:15:00+0530,846.15,847.0,844.25,847.0,81936,HCLTECH
2017-06-30T13:15:00+0530,846.95,847.6,844.9,846.05,146177,HCLTECH
2017-06-30T14:15:00+0530,846.05,850.95,843.9,850.1,393842,HCLTECH
2017-06-30T15:15:00+0530,850.1,855.0,848.2,851.4,205780,HCLTECH
2017-07-03T09:15:00+0530,852.0,853.95,837.05,838.1,159549,HCLTECH
2017-07-03T10:15:00+0530,838.15,839.5,834.4,838.1,174697,HCLTECH
2017-07-03T11:15:00+0530,838.0,840.95,837.45,838.7,385129,HCLTECH
2017-07-03T12:15:00+0530,838.7,839.35,832.75,833.85,433342,HCLTECH
2017-07-03T13:15:00+0530,833.85,835.3,832.3,835.0,205340,HCLTECH
2017-07-03T14:15:00+0530,835.0,838.8,835.0,837.05,409001,HCLTECH
2017-07-03T15:15:00+0530,837.0,840.4,836.9,839.8,207623,HCLTECH
2017-07-04T09:15:00+0530,848.6,849.75,838.0,838.75,318162,HCLTECH
2017-07-04T10:15:00+0530,838.75,842.9,838.15,841.75,141218,HCLTECH
2017-07-04T11:15:00+0530,841.75,842.65,839.45,840.05,152611,HCLTECH
2017-07-04T12:15:00+0530,840.05,844.65,839.95,844.25,79041,HCLTECH
2017-07-04T13:15:00+0530,844.25,845.5,841.5,844.35,69528,HCLTECH
2017-07-04T14:15:00+0530,844.3,844.5,840.8,840.8,101129,HCLTECH
2017-07-04T15:15:00+0530,840.8,842.9,840.0,840.0,97822,HCLTECH
2017-07-05T09:15:00+0530,837.0,841.2,836.75,837.75,293161,HCLTECH
2017-07-05T10:15:00+0530,837.75,840.05,837.25,839.9,136907,HCLTECH
2017-07-05T11:15:00+0530,839.9,840.85,839.0,839.65,133810,HCLTECH
2017-07-05T12:15:00+0530,839.15,840.35,838.75,839.35,132568,HCLTECH
2017-07-05T13:15:00+0530,839.45,840.25,835.55,835.9,197363,HCLTECH
2017-07-05T14:15:00+0530,836.0,837.6,835.1,837.2,202362,HCLTECH
2017-07-05T15:15:00+0530,837.2,838.3,836.8,838.0,113018,HCLTECH
2017-07-06T09:15:00+0530,840.0,842.4,835.7,841.0,151093,HCLTECH
2017-07-06T10:15:00+0530,840.95,842.4,837.1,837.9,59286,HCLTECH
2017-07-06T11:15:00+0530,837.9,838.2,836.8,837.5,67816,HCLTECH
2017-07-06T12:15:00+0530,837.5,839.85,837.2,839.8,71528,HCLTECH
2017-07-06T13:15:00+0530,839.8,841.4,839.05,841.25,97539,HCLTECH
2017-07-06T14:15:00+0530,841.25,841.3,839.65,840.85,135635,HCLTECH
2017-07-06T15:15:00+0530,840.85,841.5,838.1,840.55,102413,HCLTECH
2017-07-07T09:15:00+0530,838.95,839.45,835.1,835.75,83459,HCLTECH
2017-07-07T10:15:00+0530,835.8,836.9,830.9,833.7,131498,HCLTECH
2017-07-07T11:15:00+0530,834.0,834.0,831.0,832.25,90295,HCLTECH
2017-07-07T12:15:00+0530,832.25,833.3,829.35,830.0,122834,HCLTECH
2017-07-07T13:15:00+0530,830.0,834.0,829.6,833.1,455670,HCLTECH
2017-07-07T14:15:00+0530,833.3,833.9,831.05,832.05,163938,HCLTECH
2017-07-07T15:15:00+0530,831.75,832.25,831.5,832.0,103503,HCLTECH
2017-07-10T12:30:00+0530,839.0,843.9,838.0,841.25,13664,HCLTECH
2017-07-10T13:30:00+0530,841.25,852.8,838.0,851.95,87996,HCLTECH
2017-07-10T14:30:00+0530,851.45,853.8,847.25,848.55,106970,HCLTECH
2017-07-11T09:15:00+0530,856.6,869.0,850.55,863.2,501908,HCLTECH
2017-07-11T10:15:00+0530,863.0,864.25,853.55,855.15,292595,HCLTECH
2017-07-11T11:15:00+0530,855.15,861.2,854.65,859.9,146557,HCLTECH
2017-07-11T12:15:00+0530,859.9,860.5,858.55,859.6,120499,HCLTECH
2017-07-11T13:15:00+0530,859.6,859.8,853.65,855.75,152396,HCLTECH
2017-07-11T14:15:00+0530,855.8,857.25,849.7,851.35,184035,HCLTECH
2017-07-11T15:15:00+0530,851.5,852.0,849.5,850.0,96236,HCLTECH
2017-07-12T09:15:00+0530,850.0,854.0,846.1,849.4,84458,HCLTECH
2017-07-12T10:15:00+0530,849.4,851.05,847.8,850.0,66579,HCLTECH
2017-07-12T11:15:00+0530,850.0,851.1,848.85,851.0,34357,HCLTECH
2017-07-12T12:15:00+0530,851.0,853.55,850.5,851.8,68048,HCLTECH
2017-07-12T13:15:00+0530,851.85,851.85,848.85,850.3,98941,HCLTECH
2017-07-12T14:15:00+0530,850.0,853.4,848.8,853.4,170653,HCLTECH
2017-07-12T15:15:00+0530,853.35,858.2,853.35,856.05,79640,HCLTECH
2017-07-13T09:15:00+0530,856.5,863.9,856.5,860.0,199051,HCLTECH
2017-07-13T10:15:00+0530,859.95,862.0,859.25,861.4,101653,HCLTECH
2017-07-13T11:15:00+0530,861.4,861.75,859.15,859.9,114189,HCLTECH
2017-07-13T12:15:00+0530,859.9,860.7,858.65,859.65,186831,HCLTECH
2017-07-13T13:15:00+0530,859.65,863.75,859.2,861.15,137423,HCLTECH
2017-07-13T14:15:00+0530,861.15,862.55,856.1,859.9,148736,HCLTECH
2017-07-13T15:15:00+0530,859.9,860.0,855.55,859.5,66844,HCLTECH
2017-07-14T09:15:00+0530,859.55,860.4,847.1,849.85,146368,HCLTECH
2017-07-14T10:15:00+0530,849.85,851.75,848.6,850.05,63024,HCLTECH
2017-07-14T11:15:00+0530,850.05,850.35,847.2,850.1,54044,HCLTECH
2017-07-14T12:15:00+0530,850.1,850.1,846.3,846.8,55399,HCLTECH
2017-07-14T13:15:00+0530,846.8,849.75,845.05,848.95,90652,HCLTECH
2017-07-14T14:15:00+0530,848.95,852.95,848.0,850.0,163323,HCLTECH
2017-07-14T15:15:00+0530,850.0,851.75,849.35,850.0,68774,HCLTECH
2017-07-17T09:15:00+0530,846.05,863.3,845.3,861.35,166279,HCLTECH
2017-07-17T10:15:00+0530,860.95,862.2,858.0,859.85,78528,HCLTECH
2017-07-17T11:15:00+0530,859.85,860.4,858.5,860.4,77833,HCLTECH
2017-07-17T12:15:00+0530,860.05,862.3,859.8,861.75,93617,HCLTECH
2017-07-17T13:15:00+0530,861.75,864.9,860.7,864.6,118194,HCLTECH
2017-07-17T14:15:00+0530,864.6,868.7,863.95,867.6,264719,HCLTECH
2017-07-17T15:15:00+0530,867.6,870.0,867.5,868.95,109419,HCLTECH
2017-07-18T09:15:00+0530,869.1,879.95,868.35,876.0,279134,HCLTECH
2017-07-18T10:15:00+0530,876.0,880.0,873.75,875.85,130240,HCLTECH
2017-07-18T11:15:00+0530,875.85,877.45,872.25,877.0,86739,HCLTECH
2017-07-18T12:15:00+0530,877.0,877.1,873.0,874.7,94422,HCLTECH
2017-07-18T13:15:00+0530,874.7,883.65,873.7,881.95,129774,HCLTECH
2017-07-18T14:15:00+0530,882.0,883.0,875.2,879.15,153712,HCLTECH
2017-07-18T15:15:00+0530,879.2,884.3,879.2,880.25,113531,HCLTECH
2017-07-19T09:15:00+0530,885.0,899.5,885.0,893.6,477248,HCLTECH
2017-07-19T10:15:00+0530,893.6,896.35,891.15,892.3,130887,HCLTECH
2017-07-19T11:15:00+0530,892.3,893.9,891.05,893.15,81508,HCLTECH
2017-07-19T12:15:00+0530,893.15,895.2,890.1,891.35,225913,HCLTECH
2017-07-19T13:15:00+0530,891.0,891.85,887.25,891.5,152364,HCLTECH
2017-07-19T14:15:00+0530,891.7,895.6,890.1,895.1,276839,HCLTECH
2017-07-19T15:15:00+0530,895.1,898.95,895.0,898.7,107600,HCLTECH
2017-07-20T09:15:00+0530,894.95,894.95,888.25,888.9,216663,HCLTECH
2017-07-20T10:15:00+0530,888.9,890.35,888.05,889.3,69613,HCLTECH
2017-07-20T11:15:00+0530,889.3,890.0,884.95,886.95,92243,HCLTECH
2017-07-20T12:15:00+0530,886.95,886.95,883.2,883.8,64560,HCLTECH
2017-07-20T13:15:00+0530,883.75,886.2,882.4,884.55,101366,HCLTECH
2017-07-20T14:15:00+0530,884.55,888.55,883.2,886.5,169340,HCLTECH
2017-07-20T15:15:00+0530,886.5,887.4,883.0,884.9,91860,HCLTECH
2017-07-21T09:15:00+0530,886.0,908.0,884.65,901.15,433870,HCLTECH
2017-07-21T10:15:00+0530,901.15,902.8,899.5,902.2,96547,HCLTECH
2017-07-21T11:15:00+0530,902.2,905.9,901.5,903.1,138240,HCLTECH
2017-07-21T12:15:00+0530,903.1,904.5,897.2,898.85,137035,HCLTECH
2017-07-21T13:15:00+0530,898.65,904.0,898.1,903.0,88655,HCLTECH
2017-07-21T14:15:00+0530,903.0,905.85,902.0,905.0,257233,HCLTECH
2017-07-21T15:15:00+0530,904.5,905.75,902.5,903.0,90050,HCLTECH
2017-07-24T09:15:00+0530,904.05,908.25,901.2,905.45,429855,HCLTECH
2017-07-24T10:15:00+0530,905.45,912.0,905.05,907.2,309558,HCLTECH
2017-07-24T11:15:00+0530,907.2,909.0,904.55,907.45,155453,HCLTECH
2017-07-24T12:15:00+0530,907.45,909.45,905.4,906.05,87905,HCLTECH
2017-07-24T13:15:00+0530,906.15,909.35,906.0,907.5,137246,HCLTECH
2017-07-24T14:15:00+0530,907.5,910.0,907.3,908.45,242553,HCLTECH
2017-07-24T15:15:00+0530,908.55,908.6,902.05,902.2,139239,HCLTECH
2017-07-25T09:15:00+0530,902.05,904.9,892.25,894.7,152485,HCLTECH
2017-07-25T10:15:00+0530,894.7,896.0,891.1,891.95,192345,HCLTECH
2017-07-25T11:15:00+0530,892.2,892.45,889.15,889.55,424195,HCLTECH
2017-07-25T12:15:00+0530,889.3,890.5,886.1,890.15,255029,HCLTECH
2017-07-25T13:15:00+0530,890.15,895.4,888.95,892.15,209320,HCLTECH
2017-07-25T14:15:00+0530,892.15,896.0,891.9,895.0,407661,HCLTECH
2017-07-25T15:15:00+0530,895.0,897.25,894.75,897.0,150361,HCLTECH
2017-07-26T09:15:00+0530,894.4,898.0,887.55,895.0,254493,HCLTECH
2017-07-26T10:15:00+0530,895.0,896.5,891.5,895.8,156222,HCLTECH
2017-07-26T11:15:00+0530,895.8,903.5,893.95,899.95,272874,HCLTECH
2017-07-26T12:15:00+0530,899.95,901.2,888.75,889.0,148520,HCLTECH
2017-07-26T13:15:00+0530,888.75,889.5,884.0,884.0,296479,HCLTECH
2017-07-26T14:15:00+0530,884.0,894.9,884.0,894.45,215400,HCLTECH
2017-07-26T15:15:00+0530,894.45,896.85,888.0,888.0,165879,HCLTECH
2017-07-27T09:15:00+0530,903.0,927.95,900.7,919.6,1641552,HCLTECH
2017-07-27T10:15:00+0530,919.5,919.6,910.55,913.1,902515,HCLTECH
2017-07-27T11:15:00+0530,913.1,914.1,905.0,907.95,340535,HCLTECH
2017-07-27T12:15:00+0530,907.95,907.95,898.05,902.65,326331,HCLTECH
2017-07-27T13:15:00+0530,902.65,903.35,895.0,896.9,231712,HCLTECH
2017-07-27T14:15:00+0530,896.9,899.1,886.85,887.45,664787,HCLTECH
2017-07-27T15:15:00+0530,887.45,901.5,885.55,899.0,530179,HCLTECH
2017-07-28T09:15:00+0530,884.95,894.95,868.3,876.05,527569,HCLTECH
2017-07-28T10:15:00+0530,876.05,886.45,875.5,882.5,129794,HCLTECH
2017-07-28T11:15:00+0530,882.5,885.95,879.55,880.25,118593,HCLTECH
2017-07-28T12:15:00+0530,880.35,889.15,880.0,889.1,131080,HCLTECH
2017-07-28T13:15:00+0530,889.1,894.75,886.05,889.3,202999,HCLTECH
2017-07-28T14:15:00+0530,889.3,894.95,887.0,893.35,244190,HCLTECH
2017-07-28T15:15:00+0530,893.85,896.9,889.1,891.0,165973,HCLTECH
2017-07-31T09:15:00+0530,890.0,890.95,879.6,884.25,86655,HCLTECH
2017-07-31T10:15:00+0530,884.25,892.9,884.0,885.25,115102,HCLTECH
2017-07-31T11:15:00+0530,885.25,885.25,878.5,879.5,93677,HCLTECH
2017-07-31T12:15:00+0530,879.5,886.65,879.0,885.85,102195,HCLTECH
2017-07-31T13:15:00+0530,885.85,887.2,884.25,885.65,102409,HCLTECH
2017-07-31T14:15:00+0530,885.95,893.8,885.15,893.65,268324,HCLTECH
2017-07-31T15:15:00+0530,893.55,897.2,890.0,890.6,176358,HCLTECH
2017-08-01T09:15:00+0530,889.05,898.0,883.4,885.5,159283,HCLTECH
2017-08-01T10:15:00+0530,885.7,887.05,878.55,880.25,147497,HCLTECH
2017-08-01T11:15:00+0530,880.2,881.95,878.4,880.05,106595,HCLTECH
2017-08-01T12:15:00+0530,880.0,880.9,879.0,880.1,129438,HCLTECH
2017-08-01T13:15:00+0530,880.1,883.8,879.75,882.8,118437,HCLTECH
2017-08-01T14:15:00+0530,881.75,884.85,878.15,884.7,467535,HCLTECH
2017-08-01T15:15:00+0530,884.5,888.1,884.25,888.0,199596,HCLTECH
2017-08-02T09:15:00+0530,889.7,893.0,883.35,889.8,161619,HCLTECH
2017-08-02T10:15:00+0530,889.85,890.65,888.7,890.0,68838,HCLTECH
2017-08-02T11:15:00+0530,890.05,892.0,889.6,890.0,48079,HCLTECH
2017-08-02T12:15:00+0530,890.2,890.6,889.4,890.0,218704,HCLTECH
2017-08-02T13:15:00+0530,890.1,890.3,883.85,886.05,118480,HCLTECH
2017-08-02T14:15:00+0530,886.45,887.95,884.0,884.95,92373,HCLTECH
2017-08-02T15:15:00+0530,884.9,885.0,876.9,881.0,119966,HCLTECH
2017-08-03T09:15:00+0530,882.15,883.9,871.0,874.15,230287,HCLTECH
2017-08-03T10:15:00+0530,874.2,875.9,873.0,875.55,109230,HCLTECH
2017-08-03T11:15:00+0530,875.55,878.15,874.5,875.7,168365,HCLTECH
2017-08-03T12:15:00+0530,875.7,878.75,873.05,878.15,145819,HCLTECH
2017-08-03T13:15:00+0530,878.15,879.0,875.05,877.7,202024,HCLTECH
2017-08-03T14:15:00+0530,877.7,878.85,875.45,876.1,289414,HCLTECH
2017-08-03T15:15:00+0530,876.1,877.0,874.55,875.3,126648,HCLTECH
2017-08-04T09:15:00+0530,873.1,885.85,873.1,882.5,98135,HCLTECH
2017-08-04T10:15:00+0530,882.5,883.85,881.05,883.0,25272,HCLTECH
2017-08-04T11:15:00+0530,883.0,883.15,879.7,880.7,45162,HCLTECH
2017-08-04T12:15:00+0530,880.75,882.0,879.95,881.6,21725,HCLTECH
2017-08-04T13:15:00+0530,881.6,894.5,880.25,894.1,163626,HCLTECH
2017-08-04T14:15:00+0530,894.1,894.5,886.2,892.3,129860,HCLTECH
2017-08-04T15:15:00+0530,892.25,892.7,887.4,888.0,86199,HCLTECH
2017-08-07T09:15:00+0530,890.0,894.55,884.25,885.3,88089,HCLTECH
2017-08-07T10:15:00+0530,885.3,886.45,881.4,883.45,61394,HCLTECH
2017-08-07T11:15:00+0530,883.5,887.1,883.3,885.25,65231,HCLTECH
2017-08-07T12:15:00+0530,885.25,886.0,884.45,885.1,72848,HCLTECH
2017-08-07T13:15:00+0530,885.0,887.5,884.75,886.55,111127,HCLTECH
2017-08-07T14:15:00+0530,886.7,887.95,885.35,886.0,266496,HCLTECH
2017-08-07T15:15:00+0530,886.05,886.05,885.4,886.0,157992,HCLTECH
2017-08-08T09:15:00+0530,882.65,885.4,876.1,878.75,131035,HCLTECH
2017-08-08T10:15:00+0530,878.75,880.05,877.1,879.05,127622,HCLTECH
2017-08-08T11:15:00+0530,879.05,881.9,879.0,879.8,56029,HCLTECH
2017-08-08T12:15:00+0530,879.8,880.8,878.0,878.6,60616,HCLTECH
2017-08-08T13:15:00+0530,878.6,883.7,878.3,883.0,132486,HCLTECH
2017-08-08T14:15:00+0530,883.05,883.9,881.8,882.0,217193,HCLTECH
2017-08-08T15:15:00+0530,882.05,882.5,881.65,882.5,140702,HCLTECH
2017-08-09T09:15:00+0530,872.25,884.65,872.25,882.2,102866,HCLTECH
2017-08-09T10:15:00+0530,882.25,883.5,878.25,878.5,60596,HCLTECH
2017-08-09T11:15:00+0530,878.5,880.1,875.7,879.45,50364,HCLTECH
2017-08-09T12:15:00+0530,879.3,880.25,875.25,876.75,90211,HCLTECH
2017-08-09T13:15:00+0530,876.7,881.75,876.65,881.75,49687,HCLTECH
2017-08-09T14:15:00+0530,881.75,884.3,876.6,876.8,119113,HCLTECH
2017-08-09T15:15:00+0530,876.8,879.8,875.6,879.45,55287,HCLTECH
2017-08-10T09:15:00+0530,878.7,878.7,870.8,876.8,101913,HCLTECH
2017-08-10T10:15:00+0530,876.85,877.75,873.55,874.85,74313,HCLTECH
2017-08-10T11:15:00+0530,874.85,881.95,872.2,880.6,78676,HCLTECH
2017-08-10T12:15:00+0530,880.6,881.45,876.25,876.95,110487,HCLTECH
2017-08-10T13:15:00+0530,877.15,877.7,875.65,877.0,102336,HCLTECH
2017-08-10T14:15:00+0530,877.3,884.0,875.55,882.35,255107,HCLTECH
2017-08-10T15:15:00+0530,882.3,886.0,881.05,886.0,123477,HCLTECH
2017-08-11T09:15:00+0530,878.1,888.85,873.1,876.7,297447,HCLTECH
2017-08-11T10:15:00+0530,876.7,876.7,866.1,870.2,322722,HCLTECH
2017-08-11T11:15:00+0530,870.05,872.35,867.1,868.25,620518,HCLTECH
2017-08-11T12:15:00+0530,868.25,869.95,864.55,868.15,107418,HCLTECH
2017-08-11T13:15:00+0530,867.95,869.9,866.5,869.2,78116,HCLTECH
2017-08-11T14:15:00+0530,869.2,874.7,867.95,873.65,186051,HCLTECH
2017-08-11T15:15:00+0530,873.65,874.7,869.2,871.0,79711,HCLTECH
2017-08-14T09:15:00+0530,875.35,878.4,869.3,875.45,72142,HCLTECH
2017-08-14T10:15:00+0530,875.45,875.85,871.5,874.0,46310,HCLTECH
2017-08-14T11:15:00+0530,874.0,874.95,871.7,873.15,26171,HCLTECH
2017-08-14T12:15:00+0530,873.15,873.55,871.0,873.05,26031,HCLTECH
2017-08-14T13:15:00+0530,873.05,873.1,869.1,869.4,27592,HCLTECH
2017-08-14T14:15:00+0530,869.3,870.2,856.05,860.25,139050,HCLTECH
2017-08-14T15:15:00+0530,860.25,863.5,857.2,862.0,66209,HCLTECH
